state_code,lat,lon,bird,lat_zone
50,37.66,-70.06,2,26
32,30.43,-95.74,2,14
30,67.05,-70.61,2,22
14,31.8,-158.21,2,19
20,69.4,-75.77,2,1
30,36.37,-83.86,0,22
15,37.26,-100.75,2,19
33,48.04,-113.4,2,18
32,31.9,-159.53,2,14
25,37.9,-85.11,1,20
14,37.27,-67.83,2,19
6,46.17,-73.07,2,0
22,32.31,-103.02,2,0
16,44.73,-109.68,2,26
7,48.65,-115.41,1,21
21,46.98,-90.89,2,9
32,27.98,-157.28,2,14
12,32.31,-106.21,2,13
16,29.18,-120.82,2,26
29,45.05,-119.92,2,26
47,30.43,-158.16,2,27
44,67.89,-120.31,2,6
1,65.82,-112.17,2,29
25,31.86,-86.82,1,20
6,40.05,-73.98,2,0
45,29.7,-87.77,2,19
21,45.58,-103.18,2,9
42,22.0,-142.82,2,20
43,66.91,-143.89,1,20
21,21.59,-111.28,2,9
14,35.63,-95.79,2,19
43,29.97,-107.32,1,20
1,54.51,-114.59,2,29
38,42.06,-85.5,2,19
39,26.91,-123.33,2,23
13,36.45,-103.9,2,18
0,25.86,-115.29,0,28
5,19.54,-124.03,1,17
18,67.46,-89.29,1,3
44,66.8,-155.71,2,6
17,32.65,-105.45,2,19
26,62.29,-94.58,2,26
11,41.12,-89.6,1,15
21,61.47,-78.22,2,9
30,67.48,-89.8,2,22
35,39.39,-84.43,0,19
47,67.37,-91.17,2,27
34,43.59,-154.63,2,12
14,43.9,-76.46,2,19
20,42.49,-89.54,2,1
3,19.49,-106.13,2,5
22,65.62,-97.8,2,0
39,36.45,-101.36,0,23
10,19.21,-91.81,1,4
0,30.76,-145.75,0,28
29,40.17,-122.94,2,26
18,35.8,-74.06,2,3
20,36.03,-111.7,2,1
27,42.16,-82.35,2,19
43,35.47,-99.66,1,20
3,20.99,-163.37,0,5
27,62.77,-91.42,2,19
14,69.46,-91.52,2,19
48,43.1,-94.47,2,0
31,39.72,-104.61,2,13
45,65.11,-86.31,2,19
0,30.43,-101.78,0,28
0,27.72,-124.41,0,28
31,62.28,-102.74,2,13
25,29.64,-115.17,1,20
42,34.81,-144.79,1,20
4,48.92,-154.69,2,7
19,39.09,-105.85,2,2
23,31.73,-111.82,2,10
12,36.44,-94.84,2,13
28,41.1,-76.69,2,26
43,19.62,-104.98,1,20
22,43.62,-83.05,2,0
28,65.92,-119.64,2,26
17,48.06,-100.9,2,19
33,21.57,-89.26,2,18
28,41.16,-111.32,2,26
11,41.35,-72.89,1,15
5,65.55,-119.35,2,17
37,30.7,-77.63,2,26
32,28.18,-77.45,2,14
32,33.65,-111.39,2,14
9,32.99,-112.25,1,20
13,43.29,-70.92,2,18
34,46.37,-94.41,2,12
30,44.12,-155.6,2,22
6,38.46,-73.45,2,0
19,48.78,-102.38,2,2
25,48.57,-86.9,1,20
3,36.22,-80.32,2,5
42,36.58,-86.22,1,20
25,35.61,-101.18,2,20
4,42.59,-124.05,2,7
22,33.89,-81.82,2,0
39,63.08,-71.89,2,23
4,29.38,-92.86,2,7
49,37.18,-80.33,2,19
37,29.6,-73.99,2,26
6,38.14,-159.68,2,0
42,36.54,-80.0,2,20
2,47.08,-105.53,1,20
30,33.22,-120.21,2,22
30,21.54,-113.27,2,22
8,35.35,-123.82,2,11
17,19.68,-121.11,2,19
6,47.37,-113.04,2,0
37,41.85,-123.62,2,26
1,31.0,-99.14,2,29
23,40.48,-120.76,0,10
11,45.9,-84.36,1,15
37,48.78,-115.9,2,26
28,43.72,-119.07,2,26
46,32.42,-105.01,0,16
23,31.47,-99.82,2,10
26,40.09,-112.7,2,26
47,38.59,-99.68,2,27
5,39.43,-72.7,2,17
2,57.97,-81.17,2,20
44,39.1,-106.41,2,6
27,39.48,-119.64,2,19
11,21.0,-121.4,1,15
15,29.92,-100.13,2,19
29,33.79,-96.48,2,26
21,44.99,-156.65,2,9
8,64.25,-75.54,2,11
2,45.57,-152.93,1,20
13,21.69,-80.85,2,18
36,64.49,-121.03,2,25
28,57.29,-107.53,2,26
27,35.62,-95.13,2,19
46,44.49,-86.32,2,16
32,42.23,-90.45,2,14
47,35.33,-81.59,2,27
49,69.32,-78.02,2,19
32,25.72,-75.06,0,14
2,36.26,-99.67,1,20
6,42.32,-102.0,2,0
41,29.98,-93.12,2,24
35,36.29,-109.36,2,19
6,46.19,-102.97,2,0
45,20.78,-99.71,2,19
16,42.35,-99.41,2,26
19,42.35,-103.01,2,2
1,30.08,-87.95,2,29
15,40.28,-159.71,2,19
30,70.01,-108.26,2,22
19,25.66,-91.6,2,2
14,19.71,-113.12,2,19
28,49.0,-85.19,2,26
7,22.12,-98.7,0,21
1,62.77,-78.56,2,29
29,47.81,-105.45,2,26
30,68.36,-121.05,2,22
17,39.43,-90.24,2,19
0,67.48,-89.21,0,28
44,30.34,-107.89,2,6
8,39.28,-98.66,2,11
46,33.25,-96.19,2,16
23,30.01,-79.85,2,10
46,44.32,-111.69,2,16
44,20.84,-85.21,0,6
28,64.93,-114.55,2,26
34,63.81,-93.07,0,12
19,47.52,-109.13,0,2
34,44.61,-83.98,1,12
0,47.59,-90.61,0,28
16,44.69,-100.14,2,26
32,38.9,-96.0,2,14
7,43.97,-82.16,0,21
1,36.66,-77.81,2,29
11,43.06,-82.08,1,15
28,39.2,-91.92,2,26
38,68.31,-86.81,2,19
17,38.34,-105.79,2,19
33,21.33,-101.88,2,18
50,29.12,-112.25,2,26
3,41.13,-91.98,2,5
23,33.15,-98.7,2,10
23,29.13,-114.32,2,10
27,39.23,-100.94,2,19
43,26.55,-117.29,1,20
12,69.56,-155.49,2,13
14,19.79,-83.34,2,19
45,65.78,-81.66,2,19
22,25.94,-85.32,2,0
43,31.69,-79.7,1,20
27,39.92,-72.53,2,19
41,36.33,-98.27,2,24
28,48.82,-115.98,2,26
12,40.68,-105.82,2,13
8,38.51,-86.67,2,11
4,64.23,-105.15,0,7
7,48.3,-95.36,2,21
49,38.32,-80.91,2,19
12,33.47,-120.08,2,13
49,39.36,-83.47,2,19
8,66.18,-110.85,2,11
24,47.13,-97.22,2,12
20,46.03,-76.76,2,1
28,20.9,-92.27,2,26
2,31.07,-118.93,1,20
47,32.04,-151.68,2,27
2,69.45,-93.75,1,20
19,30.99,-116.49,0,2
48,27.48,-73.75,2,0
47,45.8,-131.53,2,27
5,28.02,-120.02,2,17
37,40.45,-157.09,2,26
26,48.03,-110.59,2,26
45,43.01,-86.3,2,19
20,39.01,-89.43,2,1
25,31.82,-150.86,1,20
34,33.63,-79.26,2,12
13,38.41,-115.11,0,18
49,20.82,-98.41,2,19
9,21.54,-160.25,1,20
0,64.46,-71.9,0,28
39,48.16,-98.07,2,23
24,38.12,-91.98,2,12
38,39.53,-78.51,2,19
4,43.49,-93.88,2,7
15,35.9,-80.76,0,19
35,21.58,-73.68,1,19
47,35.32,-102.09,2,27
13,43.89,-113.98,2,18
49,35.91,-106.58,2,19
25,28.57,-68.68,1,20
19,56.01,-116.66,2,2
35,41.02,-108.07,2,19
42,40.77,-124.41,1,20
2,33.4,-93.6,1,20
44,30.22,-81.21,0,6
50,44.29,-110.13,2,26
38,27.36,-86.1,2,19
25,46.7,-101.18,1,20
45,30.12,-98.32,2,19
27,67.44,-76.34,2,19
47,44.03,-112.36,2,27
8,38.69,-79.15,1,11
24,48.33,-71.12,2,12
6,41.79,-105.2,2,0
20,36.38,-85.52,1,1
1,27.59,-90.06,0,29
23,46.92,-92.15,2,10
32,42.09,-87.94,0,14
4,47.46,-89.06,2,7
29,45.88,-106.39,2,26
35,40.04,-110.81,2,19
6,19.15,-111.25,2,0
37,62.3,-99.34,2,26
46,28.19,-112.92,2,16
27,67.82,-107.39,2,19
23,19.69,-88.55,2,10
3,36.98,-80.22,2,5
4,36.17,-119.6,2,7
9,28.63,-84.63,1,20
15,35.29,-152.4,2,19
7,25.9,-120.18,2,21
32,46.83,-116.5,2,14
7,43.83,-97.62,0,21
3,20.88,-67.89,2,5
41,45.92,-103.44,0,24
6,44.7,-89.48,2,0
34,68.8,-75.99,2,12
11,21.29,-73.49,1,15
15,31.72,-98.1,2,19
30,32.2,-136.04,1,22
48,31.08,-83.51,2,0
49,61.91,-122.32,2,19
21,34.01,-92.68,2,9
50,42.97,-91.84,2,26
5,48.15,-72.62,2,17
7,26.9,-77.87,2,21
39,32.37,-88.42,2,23
29,38.82,-94.06,2,26
4,45.75,-79.85,2,7
26,29.76,-83.34,2,26
45,36.04,-112.19,2,19
35,66.23,-100.72,2,19
50,37.41,-90.37,2,26
23,39.76,-149.85,2,10
39,68.09,-110.28,2,23
26,44.38,-105.38,2,26
40,32.19,-78.91,2,8
42,30.8,-86.73,1,20
28,19.84,-84.94,2,26
21,38.63,-93.05,2,9
13,26.4,-123.26,2,18
45,38.14,-106.84,2,19
19,38.62,-87.01,2,2
48,32.99,-114.37,2,0
12,37.02,-72.91,2,13
8,31.32,-139.55,2,11
33,45.56,-75.23,2,18
22,48.05,-97.95,2,0
50,37.87,-74.52,2,26
8,31.99,-94.19,2,11
37,47.8,-87.32,2,26
7,32.28,-88.87,0,21
42,40.11,-84.69,1,20
6,38.18,-164.3,2,0
21,27.58,-104.87,2,9
18,48.82,-150.4,1,3
27,39.73,-115.44,2,19
29,29.52,-109.86,2,26
25,32.17,-104.99,1,20
27,29.8,-114.39,2,19
12,21.63,-94.99,2,13
48,44.29,-102.66,2,0
3,29.53,-87.84,0,5
48,38.02,-75.41,0,0
48,62.69,-85.84,2,0
25,32.23,-155.77,1,20
45,38.73,-99.77,2,19
25,42.81,-102.52,1,20
9,36.74,-82.48,1,20
35,36.59,-99.66,2,19
29,37.21,-103.87,2,26
43,35.85,-96.31,1,20
18,38.52,-83.73,1,3
7,32.22,-90.4,0,21
42,20.62,-85.63,1,20
21,34.84,-81.5,2,9
29,31.84,-83.01,2,26
38,32.49,-124.03,2,19
39,30.61,-76.91,1,23
48,42.59,-94.04,2,0
40,46.69,-82.92,0,8
33,31.51,-111.91,2,18
50,19.79,-95.95,2,26
38,41.84,-74.86,2,19
28,31.93,-100.67,2,26
42,45.97,-92.51,1,20
32,43.87,-88.02,2,14
33,41.18,-88.07,2,18
6,34.47,-98.36,2,0
5,44.18,-104.78,2,17
19,45.28,-144.55,2,2
3,32.79,-94.27,2,5
36,21.34,-100.86,2,25
28,32.59,-77.96,2,26
37,37.43,-114.33,2,26
8,33.63,-91.3,0,11
16,39.49,-120.53,2,26
1,64.46,-67.66,2,29
35,37.13,-106.3,2,19
18,65.37,-123.71,1,3
46,46.3,-99.59,2,16
2,45.61,-119.22,2,20
6,41.46,-161.66,2,0
42,34.65,-75.95,2,20
2,30.66,-111.78,2,20
6,35.62,-109.99,2,0
11,66.2,-104.67,1,15
33,37.93,-112.32,0,18
41,28.63,-99.82,2,24
43,41.06,-82.79,1,20
17,34.46,-78.45,2,19
39,41.97,-103.49,2,23
10,34.38,-108.71,2,4
46,39.2,-87.5,2,16
44,40.76,-93.53,2,6
25,33.53,-71.68,2,20
31,44.9,-75.47,2,13
31,19.15,-89.53,2,13
15,38.91,-81.72,2,19
22,68.42,-115.73,2,0
9,30.52,-71.21,1,20
8,38.86,-88.07,2,11
33,34.23,-105.93,2,18
25,28.66,-103.64,1,20
48,31.79,-156.89,2,0
25,28.45,-90.85,1,20
44,42.91,-144.71,2,6
22,37.63,-67.86,2,0
28,40.9,-95.43,2,26
17,35.01,-73.38,2,19
18,31.13,-117.17,1,3
43,27.66,-118.65,1,20
25,26.83,-86.7,2,20
28,48.65,-106.59,2,26
13,60.12,-108.62,2,18
35,43.68,-69.73,2,19
29,34.29,-113.7,2,26
37,48.89,-146.75,2,26
46,31.06,-95.9,2,16
38,32.83,-115.33,2,19
5,42.1,-68.0,2,17
42,43.66,-157.8,1,20
2,46.94,-149.01,1,20
18,67.46,-89.61,1,3
49,69.41,-81.56,2,19
19,40.91,-90.66,2,2
26,68.93,-98.36,2,26
11,26.74,-107.06,1,15
35,39.85,-99.05,2,19
26,47.06,-159.59,2,26
29,47.38,-83.57,2,26
44,40.63,-88.41,2,6
48,40.59,-70.59,2,0
35,46.57,-84.38,2,19
13,19.3,-106.1,2,18
4,65.99,-122.7,1,7
1,47.6,-113.43,0,29
2,48.19,-115.06,1,20
37,63.46,-86.44,2,26
11,70.33,-159.51,1,15
13,43.06,-111.59,2,18
29,46.46,-93.37,2,26
38,46.0,-78.88,2,19
37,30.69,-100.82,2,26
32,35.95,-109.26,2,14
8,19.83,-116.48,2,11
17,37.45,-117.71,2,19
40,34.59,-78.07,2,8
35,43.16,-82.97,2,19
40,28.14,-75.05,2,8
22,36.12,-156.62,0,0
43,30.45,-77.92,1,20
16,40.28,-119.22,2,26
27,36.32,-81.03,2,19
28,42.42,-106.4,1,26
4,43.92,-100.25,2,7
36,40.76,-147.54,2,25
32,45.19,-109.25,2,14
22,56.85,-85.52,2,0
49,38.16,-155.19,2,19
14,19.18,-78.66,2,19
41,20.62,-113.22,0,24
20,35.36,-74.84,2,1
5,46.99,-73.41,2,17
7,21.29,-69.33,0,21
2,35.53,-74.94,1,20
49,20.82,-117.23,2,19
45,48.76,-87.65,2,19
9,36.04,-108.08,1,20
19,40.61,-82.96,2,2
25,31.55,-102.37,1,20
34,57.05,-112.74,2,12
15,31.27,-80.54,2,19
19,31.44,-91.52,2,2
33,43.57,-106.21,2,18
24,38.03,-117.54,2,12
2,35.59,-123.89,1,20
29,34.25,-118.41,2,26
47,53.24,-155.39,2,27
48,29.7,-98.34,2,0
21,34.6,-120.1,2,9
14,38.23,-110.92,2,19
48,41.03,-72.32,2,0
7,38.83,-117.04,2,21
16,47.71,-111.24,2,26
43,41.93,-119.07,1,20
4,35.46,-110.82,2,7
34,43.63,-89.21,2,12
11,19.91,-83.07,1,15
1,19.95,-121.35,2,29
20,36.69,-92.47,2,1
16,48.55,-107.73,2,26
7,38.22,-104.98,2,21
11,45.26,-72.12,1,15
40,19.34,-90.85,0,8
13,41.32,-117.78,2,18
12,48.34,-74.23,2,13
25,45.85,-100.37,1,20
29,37.17,-67.58,2,26
49,28.76,-98.02,2,19
2,29.89,-111.58,1,20
41,40.87,-87.81,0,24
47,41.8,-108.54,2,27
5,37.53,-89.27,2,17
30,33.72,-68.42,2,22
16,69.39,-97.12,2,26
1,20.11,-123.55,2,29
20,46.3,-93.55,2,1
37,41.38,-116.97,2,26
3,46.74,-86.87,2,5
13,43.18,-111.82,2,18
26,40.08,-93.62,2,26
37,48.49,-122.96,2,26
4,39.68,-108.09,2,7
41,33.36,-91.24,2,24
21,42.59,-86.31,1,9
19,30.03,-85.1,2,2
46,35.44,-97.17,2,16
47,58.89,-87.16,2,27
49,32.15,-101.03,2,19
46,39.03,-91.17,1,16
39,47.89,-121.76,0,23
3,33.57,-114.77,2,5
47,36.94,-114.87,2,27
44,27.72,-102.42,2,6
44,32.7,-82.83,2,6
19,25.9,-97.56,0,2
13,40.93,-122.01,2,18
40,34.28,-98.66,2,8
12,36.87,-103.81,2,13
37,67.35,-117.03,2,26
41,27.72,-92.68,2,24
43,46.24,-102.06,1,20
3,26.58,-73.83,2,5
1,67.82,-92.85,2,29
40,45.76,-98.15,1,8
21,45.05,-156.94,2,9
27,33.6,-119.0,2,19
26,44.5,-157.8,2,26
32,33.9,-72.43,2,14
45,37.2,-79.87,2,19
11,19.97,-100.59,1,15
17,39.37,-121.44,2,19
27,36.04,-87.55,2,19
4,35.88,-119.09,2,7
44,45.99,-118.77,0,6
2,26.64,-161.0,1,20
26,44.06,-83.69,2,26
2,33.25,-81.02,1,20
4,47.73,-70.71,2,7
34,25.44,-89.82,2,12
15,38.28,-70.04,2,19
23,29.42,-76.38,2,10
4,40.27,-102.03,2,7
13,45.44,-70.52,2,18
43,29.64,-157.29,1,20
40,21.33,-88.9,2,8
7,65.95,-97.32,2,21
24,39.65,-76.68,2,12
35,45.71,-80.12,2,19
37,33.05,-108.59,2,26
13,48.63,-120.93,2,18
43,60.12,-121.59,1,20
15,46.23,-73.61,2,19
8,36.48,-77.6,2,11
41,34.77,-88.86,2,24
41,30.15,-70.61,2,24
42,27.66,-117.35,1,20
39,20.11,-99.57,0,23
28,37.44,-99.79,2,26
0,37.82,-122.16,0,28
27,39.48,-80.59,2,19
35,36.3,-92.79,2,19
15,43.91,-95.28,2,19
49,35.95,-80.57,2,19
43,35.86,-93.43,1,20
2,60.62,-67.54,1,20
25,31.05,-104.27,1,20
8,45.47,-113.92,0,11
35,34.96,-112.21,2,19
40,31.68,-93.79,2,8
34,30.97,-110.59,2,12
4,46.17,-117.9,2,7
40,26.55,-101.35,2,8
35,46.81,-72.95,2,19
8,39.01,-103.99,2,11
11,28.55,-88.62,1,15
10,48.24,-91.84,0,4
36,64.25,-98.53,2,25
31,29.97,-123.61,2,13
23,20.73,-70.93,2,10
42,48.75,-78.96,1,20
1,40.39,-122.3,2,29
31,42.66,-99.25,2,13
36,36.45,-74.27,2,25
4,39.54,-71.96,2,7
7,33.21,-122.02,2,21
12,42.78,-81.53,2,13
16,37.47,-85.61,2,26
48,19.02,-90.16,2,0
40,44.29,-122.38,2,8
45,25.7,-114.36,2,19
45,19.88,-73.92,2,19
33,44.15,-79.6,2,18
15,42.86,-80.77,2,19
7,36.63,-107.09,1,21
21,34.63,-70.51,0,9
7,21.32,-159.68,2,21
22,68.27,-122.31,2,0
50,21.17,-89.34,2,26
45,65.55,-155.9,2,19
29,44.11,-71.66,2,26
24,62.81,-101.4,2,12
44,48.77,-72.64,2,6
15,70.31,-84.37,2,19
16,48.77,-164.73,2,26
2,47.88,-82.0,1,20
47,43.91,-75.34,2,27
39,31.58,-159.33,2,23
41,40.79,-98.78,2,24
14,29.88,-88.34,2,19
39,20.24,-111.82,0,23
2,65.51,-101.42,2,20
26,44.72,-153.29,2,26
16,46.4,-90.2,2,26
2,30.16,-91.23,1,20
18,41.01,-76.31,2,3
44,19.3,-84.18,2,6
16,48.56,-111.33,2,26
30,29.87,-108.68,2,22
46,33.45,-134.74,0,16
18,40.6,-88.05,1,3
20,30.56,-95.24,2,1
37,48.9,-89.46,0,26
22,21.16,-115.53,2,0
43,30.26,-153.98,2,20
13,39.91,-73.44,2,18
32,19.16,-106.53,2,14
36,44.41,-115.19,0,25
5,28.76,-77.17,2,17
12,36.69,-148.68,2,13
29,44.95,-94.17,2,26
43,33.81,-100.85,1,20
42,29.46,-79.96,1,20
16,45.78,-95.75,2,26
38,37.67,-93.93,2,19
9,31.32,-83.8,1,20
3,48.68,-98.19,2,5
26,59.66,-113.57,2,26
31,27.25,-100.8,2,13
0,38.98,-75.55,0,28
42,28.49,-81.48,1,20
12,35.49,-101.67,2,13
42,34.95,-80.65,1,20
16,63.24,-83.22,2,26
47,48.26,-166.43,2,27
46,30.06,-145.02,0,16
5,32.07,-89.7,2,17
43,41.12,-99.88,1,20
20,40.71,-71.18,2,1
10,29.78,-96.24,2,4
0,20.62,-110.66,0,28
15,29.89,-117.37,2,19
10,46.32,-105.31,2,4
5,33.01,-157.88,2,17
35,69.97,-121.74,2,19
2,34.2,-93.4,1,20
26,25.34,-109.09,2,26
37,38.33,-70.51,2,26
35,41.13,-144.43,2,19
21,41.2,-86.05,2,9
49,36.74,-111.82,2,19
25,47.71,-118.41,1,20
50,30.22,-82.36,2,26
42,34.25,-103.07,1,20
20,39.9,-79.87,2,1
27,39.89,-86.34,2,19
38,37.12,-113.96,2,19
0,61.47,-101.69,0,28
14,35.99,-112.22,2,19
7,46.18,-102.74,0,21
16,36.84,-69.81,2,26
50,26.76,-67.33,2,26
37,48.81,-156.35,2,26
32,42.24,-85.36,0,14
34,19.53,-73.16,2,12
7,40.03,-103.98,2,21
40,31.25,-87.21,2,8
24,38.15,-117.53,2,12
11,39.44,-110.81,1,15
31,26.0,-93.55,2,13
21,30.63,-68.56,0,9
20,40.12,-91.19,2,1
19,42.22,-110.86,2,2
7,19.01,-87.18,0,21
41,33.53,-74.77,2,24
41,62.99,-105.22,2,24
33,27.18,-94.97,2,18
27,34.43,-111.58,2,19
17,39.35,-87.69,2,19
50,35.94,-81.68,2,26
42,44.84,-100.63,1,20
8,48.17,-107.63,0,11
41,34.36,-96.27,2,24
17,38.42,-87.72,2,19
9,47.68,-81.79,1,20
34,39.4,-86.31,2,12
7,28.43,-109.17,1,21
15,38.62,-107.07,2,19
28,31.3,-96.77,2,26
49,39.79,-77.2,2,19
2,68.42,-80.55,1,20
43,26.93,-93.67,1,20
26,68.41,-107.18,2,26
20,38.5,-107.22,0,1
49,57.29,-76.75,2,19
39,46.24,-117.76,0,23
27,41.33,-84.43,2,19
38,31.15,-142.41,2,19
29,26.5,-94.27,2,26
25,30.37,-71.66,1,20
14,38.19,-86.73,2,19
48,33.11,-73.31,2,0
1,28.81,-111.63,2,29
15,33.47,-102.43,2,19
12,27.52,-70.96,2,13
1,20.87,-113.47,2,29
23,37.67,-79.1,2,10
24,38.33,-103.59,2,12
19,22.03,-112.22,2,2
12,20.16,-114.88,2,13
0,33.1,-80.21,0,28
15,39.02,-77.96,2,19
49,38.41,-76.0,2,19
43,43.63,-117.51,1,20
26,31.43,-109.23,2,26
10,34.24,-74.0,2,4
39,67.73,-123.45,0,23
11,33.69,-70.82,1,15
10,29.59,-115.77,2,4
33,47.83,-109.02,2,18
13,48.06,-73.63,2,18
42,34.03,-100.69,1,20
33,40.0,-91.48,2,18
11,40.83,-72.94,1,15
44,47.95,-150.4,2,6
21,33.79,-120.23,0,9
13,35.85,-79.59,2,18
28,47.37,-122.46,2,26
29,43.09,-111.55,2,26
45,32.61,-70.87,2,19
27,27.86,-118.15,2,19
5,47.91,-78.68,2,17
24,28.48,-145.67,2,12
5,48.56,-77.87,2,17
29,39.38,-103.57,2,26
39,25.86,-101.52,2,23
1,28.78,-109.61,2,29
7,46.09,-159.99,0,21
28,45.3,-103.96,2,26
14,41.29,-117.17,2,19
21,41.71,-68.99,2,9
29,67.74,-82.03,2,26
35,35.62,-79.3,2,19
40,48.47,-81.24,0,8
8,30.78,-95.8,2,11
43,33.19,-87.24,1,20
35,66.17,-93.06,2,19
32,26.81,-117.51,2,14
19,46.75,-76.83,2,2
32,57.05,-71.08,2,14
22,39.51,-83.04,2,0
4,48.14,-155.35,2,7
35,36.99,-110.63,2,19
22,40.11,-90.81,2,0
32,44.49,-100.41,2,14
21,43.36,-107.61,2,9
10,36.18,-106.45,2,4
13,48.42,-83.45,2,18
10,32.62,-105.69,2,4
19,27.78,-157.27,2,2
50,42.3,-100.22,2,26
22,28.68,-107.37,2,0
36,36.91,-78.52,2,25
49,38.2,-77.69,2,19
35,29.57,-86.64,2,19
33,40.88,-152.49,2,18
50,45.18,-71.7,2,26
2,38.56,-156.73,2,20
19,41.34,-156.18,2,2
28,35.37,-123.92,2,26
42,36.09,-90.36,1,20
43,66.56,-99.53,1,20
0,25.72,-112.02,0,28
5,66.42,-68.13,2,17
22,43.33,-104.24,2,0
29,47.95,-101.02,2,26
49,30.77,-78.61,2,19
7,65.51,-73.4,0,21
3,45.68,-86.44,2,5
15,57.11,-121.6,2,19
41,27.5,-74.86,2,24
23,34.87,-105.1,2,10
22,67.86,-91.13,2,0
11,19.38,-106.76,1,15
10,29.39,-107.96,2,4
18,31.18,-97.45,1,3
20,33.77,-109.67,2,1
46,43.94,-155.08,2,16
16,31.73,-117.98,2,26
29,37.26,-69.13,2,26
27,34.24,-83.93,2,19
27,19.65,-102.84,2,19
30,35.39,-78.44,2,22
32,64.46,-106.43,2,14
39,60.19,-111.02,0,23
28,45.19,-70.96,2,26
10,33.78,-109.98,2,4
17,40.32,-145.73,2,19
19,35.53,-72.87,0,2
25,42.03,-115.16,1,20
18,42.64,-122.07,1,3
48,37.02,-91.38,2,0
38,37.45,-93.43,2,19
27,39.72,-143.46,2,19
17,38.2,-155.48,2,19
37,62.71,-109.32,2,26
12,22.01,-91.33,2,13
41,43.28,-76.24,2,24
10,27.99,-84.78,2,4
7,46.84,-88.94,0,21
11,34.46,-73.22,1,15
21,37.3,-79.42,2,9
36,38.94,-99.23,2,25
9,31.11,-93.37,1,20
5,42.14,-118.58,2,17
13,45.19,-69.03,2,18
26,42.84,-99.56,2,26
39,47.52,-106.63,2,23
44,39.3,-141.39,2,6
30,38.01,-91.68,2,22
41,46.11,-92.1,2,24
49,30.09,-110.68,2,19
45,19.06,-76.25,2,19
47,34.11,-72.84,2,27
44,37.06,-81.1,2,6
36,44.82,-82.44,2,25
22,46.16,-94.03,2,0
33,67.53,-159.33,2,18
28,43.05,-101.17,2,26
41,19.25,-78.94,2,24
6,57.97,-96.23,2,0
31,28.9,-160.61,2,13
47,44.19,-109.37,0,27
17,26.02,-89.74,2,19
10,47.88,-74.73,2,4
0,42.15,-116.57,0,28
49,63.4,-120.14,2,19
38,26.76,-75.02,2,19
42,28.74,-84.0,1,20
39,46.3,-143.01,2,23
4,47.98,-91.06,0,7
9,32.67,-122.62,1,20
33,40.88,-109.66,2,18
17,36.82,-76.8,2,19
43,37.35,-98.57,1,20
29,33.56,-110.53,2,26
14,37.73,-96.13,2,19
27,37.94,-71.52,2,19
33,30.04,-110.24,2,18
45,40.39,-88.85,2,19
48,44.52,-111.09,2,0
7,19.4,-121.74,2,21
45,32.23,-85.23,2,19
36,40.18,-82.21,2,25
47,20.67,-166.67,0,27
43,40.21,-89.35,1,20
12,43.58,-110.21,2,13
36,35.46,-87.51,2,25
6,29.12,-106.15,2,0
18,32.81,-80.83,1,3
1,33.57,-73.79,2,29
3,47.81,-103.67,2,5
40,48.72,-119.15,2,8
24,33.65,-81.59,2,12
15,35.63,-79.38,2,19
49,68.02,-106.66,2,19
16,29.42,-150.23,2,26
8,66.8,-80.72,2,11
7,46.27,-110.57,2,21
21,64.28,-69.26,2,9
1,66.44,-71.34,2,29
28,42.73,-110.65,2,26
0,33.35,-108.75,0,28
13,45.45,-80.02,2,18
12,69.39,-155.2,2,13
38,41.73,-79.15,2,19
31,41.86,-115.92,2,13
43,45.05,-83.55,1,20
22,47.37,-121.48,2,0
17,36.14,-84.6,2,19
5,41.54,-147.91,2,17
27,37.09,-93.91,2,19
26,48.79,-89.44,2,26
29,21.48,-78.8,0,26
32,69.97,-158.8,2,14
1,26.3,-157.32,2,29
39,29.38,-106.52,2,23
48,41.79,-85.77,2,0
11,40.47,-98.66,1,15
46,69.45,-80.08,2,16
21,64.18,-90.71,2,9
24,29.62,-80.11,2,12
37,47.35,-110.46,2,26
15,55.43,-89.06,2,19
28,35.04,-118.91,2,26
27,33.63,-103.8,2,19
2,27.24,-93.85,1,20
16,29.04,-166.67,2,26
44,40.6,-75.1,2,6
7,43.48,-76.13,2,21
5,38.44,-88.1,0,17
19,42.23,-92.62,0,2
20,25.86,-96.35,2,1
29,37.32,-97.53,2,26
27,39.38,-85.01,2,19
32,65.5,-123.18,2,14
26,33.5,-89.38,2,26
13,45.62,-106.42,2,18
19,30.41,-114.59,2,2
1,43.81,-80.61,2,29
11,48.6,-102.25,1,15
33,44.4,-119.2,2,18
50,43.46,-120.63,2,26
36,37.34,-110.03,2,25
40,46.32,-163.37,2,8
26,66.91,-142.81,2,26
20,43.12,-122.71,2,1
2,26.64,-91.23,1,20
39,28.11,-72.91,2,23
29,29.39,-71.23,2,26
48,31.58,-117.89,2,0
40,35.44,-115.19,2,8
23,34.1,-89.67,0,10
37,66.97,-73.24,2,26
40,34.24,-86.44,2,8
48,30.71,-116.23,2,0
20,29.84,-114.99,2,1
10,35.18,-132.27,2,4
36,38.74,-78.71,2,25
18,45.4,-123.45,1,3
47,32.35,-71.78,0,27
13,62.3,-94.07,0,18
6,44.75,-69.26,1,0
4,48.27,-121.11,2,7
50,29.83,-116.82,2,26
49,32.14,-69.43,2,19
46,44.42,-105.9,2,16
45,57.3,-80.08,2,19
38,33.13,-74.72,2,19
5,37.94,-85.58,2,17
28,33.5,-78.27,2,26
47,29.25,-91.46,2,27
33,42.76,-114.2,0,18
11,29.64,-72.98,1,15
22,37.78,-114.83,0,0
11,38.54,-86.92,1,15
50,34.33,-114.52,2,26
38,39.28,-87.31,2,19
11,41.55,-108.52,1,15
44,39.75,-99.62,2,6
18,62.71,-78.36,1,3
26,46.91,-91.17,2,26
41,36.91,-70.75,1,24
17,44.25,-69.22,2,19
31,26.9,-155.3,2,13
16,45.48,-110.25,2,26
46,63.37,-92.6,2,16
24,29.01,-94.86,2,12
31,40.46,-118.37,2,13
38,70.83,-82.93,2,19
34,44.38,-87.13,2,12
29,29.38,-106.41,2,26
34,39.05,-154.51,2,12
12,36.91,-113.95,2,13
9,26.9,-100.26,1,20
36,35.04,-113.75,0,25
46,40.12,-74.15,2,16
23,40.67,-93.81,2,10
0,31.65,-158.7,0,28
50,60.34,-112.26,2,26
43,28.68,-83.52,1,20
24,31.22,-82.53,2,12
36,46.51,-156.37,2,25
26,48.97,-87.02,2,26
45,34.96,-108.09,2,19
46,49.0,-93.03,2,16
48,30.47,-98.92,2,0
34,43.23,-74.46,2,12
38,40.83,-78.19,2,19
21,46.74,-105.1,2,9
43,35.83,-89.45,1,20
2,30.62,-85.43,1,20
23,27.77,-107.42,0,10
42,69.86,-83.52,1,20
46,43.29,-85.69,2,16
10,61.99,-108.18,2,4
32,38.2,-153.1,2,14
43,28.65,-106.87,1,20
3,21.54,-95.2,0,5
49,41.11,-82.61,2,19
36,61.91,-77.2,2,25
43,30.36,-112.81,1,20
13,28.86,-117.71,2,18
41,42.19,-121.76,2,24
21,47.35,-101.05,2,9
40,45.68,-79.05,2,8
50,31.12,-108.54,2,26
7,48.63,-118.68,2,21
25,29.89,-105.04,1,20
7,44.96,-122.52,0,21
24,27.09,-77.94,2,12
7,67.5,-155.45,0,21
2,48.27,-75.98,1,20
43,30.12,-118.15,1,20
15,35.98,-77.91,2,19
36,30.3,-119.87,2,25
37,57.91,-116.32,1,26
11,46.35,-73.48,1,15
49,29.42,-108.67,2,19
48,34.49,-108.79,0,0
36,27.13,-120.99,2,25
30,45.92,-94.78,2,22
49,37.95,-84.56,2,19
30,42.98,-71.07,2,22
44,31.72,-154.62,2,6
22,68.92,-89.95,2,0
16,30.98,-74.77,2,26
21,46.57,-96.93,2,9
2,32.03,-90.76,1,20
15,41.58,-71.38,2,19
48,27.72,-77.4,2,0
30,41.33,-94.77,1,22
12,37.3,-107.17,2,13
22,41.53,-94.51,2,0
50,48.52,-118.87,2,26
37,45.45,-78.19,2,26
20,40.17,-79.84,2,1
27,41.54,-97.81,2,19
13,64.49,-149.51,2,18
15,60.15,-81.25,2,19
2,46.14,-113.13,1,20
44,70.21,-78.75,2,6
17,35.23,-96.51,2,19
16,44.93,-97.03,2,26
45,25.47,-75.8,2,19
15,26.48,-75.47,0,19
14,38.65,-110.72,2,19
40,43.76,-115.86,0,8
12,42.72,-117.92,2,13
35,47.17,-76.21,2,19
25,31.45,-82.76,1,20
7,32.1,-89.29,1,21
36,48.14,-121.91,2,25
25,30.44,-89.35,1,20
9,19.57,-152.93,1,20
7,30.64,-74.55,2,21
3,41.0,-92.61,2,5
24,19.03,-102.96,2,12
29,21.64,-151.58,2,26
23,44.47,-103.57,2,10
18,65.98,-97.88,1,3
3,46.89,-97.26,2,5
34,39.42,-103.39,2,12
43,36.38,-121.87,1,20
40,35.69,-118.66,0,8
18,35.15,-115.52,1,3
5,36.91,-77.31,0,17
8,45.95,-114.02,2,11
3,66.42,-155.81,2,5
2,63.76,-99.09,1,20
3,34.11,-123.38,2,5
8,42.48,-150.86,1,11
16,48.7,-93.1,2,26
46,43.84,-83.85,2,16
26,40.69,-96.2,2,26
18,36.95,-119.81,1,3
35,31.99,-147.29,2,19
38,40.11,-92.99,2,19
30,67.35,-93.47,2,22
3,30.11,-96.6,2,5
36,19.82,-110.01,0,25
23,67.44,-95.23,2,10
32,39.79,-75.26,0,14
21,34.99,-87.89,0,9
10,44.84,-114.6,2,4
37,60.21,-112.99,2,26
20,42.92,-87.71,2,1
13,44.2,-96.09,2,18
26,28.94,-98.44,2,26
17,40.27,-67.44,2,19
14,39.5,-82.44,2,19
5,38.39,-144.56,2,17
42,43.78,-82.89,1,20
35,35.84,-82.46,2,19
5,31.06,-78.61,2,17
5,46.6,-77.63,2,17
39,27.5,-96.22,2,23
13,46.18,-113.06,2,18
37,61.46,-100.37,2,26
41,48.44,-80.83,2,24
26,40.97,-148.77,2,26
40,35.68,-152.21,2,8
17,45.21,-106.85,2,19
28,38.77,-82.96,2,26
13,36.4,-67.64,2,18
36,35.33,-121.81,2,25
36,19.17,-109.22,2,25
14,39.07,-88.84,2,19
6,37.44,-122.06,2,0
8,19.53,-76.81,2,11
27,36.79,-110.44,2,19
42,36.11,-155.19,1,20
44,38.31,-101.35,2,6
12,48.36,-120.29,2,13
6,34.78,-71.11,2,0
49,28.35,-119.43,2,19
3,19.58,-83.84,2,5
27,39.41,-156.71,2,19
9,38.16,-103.48,1,20
32,33.89,-152.93,2,14
28,47.16,-103.6,2,26
33,43.45,-85.89,2,18
42,28.2,-115.9,1,20
31,30.31,-161.0,0,13
44,25.9,-116.32,2,6
13,25.34,-94.05,2,18
36,19.87,-87.76,2,25
38,33.49,-78.75,2,19
11,47.52,-97.71,1,15
31,20.11,-98.06,2,13
22,32.19,-146.47,2,0
30,58.26,-97.21,2,22
18,27.25,-122.38,2,3
12,45.18,-92.88,2,13
24,19.95,-83.85,2,12
27,57.94,-84.81,2,19
8,41.03,-96.06,1,11
5,44.84,-115.19,2,17
48,45.05,-68.83,2,0
27,37.71,-96.97,2,19
17,32.12,-81.91,2,19
18,30.16,-98.48,1,3
21,47.36,-84.97,0,9
24,43.19,-72.18,2,12
35,19.21,-81.55,2,19
33,37.86,-76.07,2,18
28,38.62,-152.38,2,26
16,25.44,-94.96,2,26
32,26.91,-106.6,2,14
1,37.9,-97.26,2,29
50,47.6,-110.76,2,26
45,37.48,-78.72,2,19
6,30.64,-98.61,2,0
44,26.3,-85.69,2,6
2,39.86,-122.01,2,20
35,29.35,-122.3,2,19
4,40.29,-69.22,2,7
8,66.56,-120.6,2,11
11,45.27,-97.26,1,15
15,27.65,-121.99,2,19
2,41.87,-88.48,1,20
20,29.97,-106.85,2,1
45,39.2,-115.16,2,19
25,30.34,-107.17,1,20
21,44.02,-76.16,2,9
32,22.11,-108.09,2,14
13,36.57,-82.65,2,18
23,48.67,-69.86,2,10
24,32.2,-98.38,2,12
40,68.07,-101.74,2,8
17,35.01,-98.52,2,19
35,28.25,-159.53,2,19
27,29.21,-93.91,2,19
49,42.04,-91.41,0,19
5,39.42,-80.3,2,17
19,34.48,-114.41,0,2
22,28.48,-79.94,0,0
3,31.06,-112.44,0,5
47,30.44,-97.04,2,27
43,38.32,-106.44,2,20
13,26.64,-90.39,2,18
16,47.54,-100.01,2,26
35,35.23,-95.03,2,19
14,19.68,-105.1,2,19
4,36.85,-133.25,1,7
8,35.81,-100.11,2,11
37,19.29,-106.16,2,26
33,42.79,-89.52,2,18
18,58.36,-91.22,1,3
3,48.69,-80.07,2,5
33,43.68,-155.33,2,18
30,29.56,-114.35,2,22
21,47.65,-152.86,2,9
2,29.28,-88.72,2,20
43,27.42,-81.26,1,20
33,46.37,-114.91,2,18
24,70.39,-142.1,2,12
25,32.72,-108.61,1,20
4,35.41,-155.71,2,7
27,19.68,-82.63,2,19
8,33.86,-68.91,2,11
2,35.92,-86.9,1,20
32,32.55,-146.47,2,14
10,33.75,-103.59,2,4
14,27.97,-87.98,2,19
17,40.67,-121.66,2,19
24,48.69,-90.55,2,12
26,48.29,-81.92,2,26
20,37.72,-83.29,2,1
5,40.75,-68.06,2,17
40,62.69,-100.01,2,8
44,47.23,-82.32,2,6
35,31.63,-86.44,2,19
15,38.83,-67.33,2,19
5,64.91,-102.02,2,17
47,37.53,-118.15,2,27
18,47.58,-68.25,1,3
42,61.13,-122.06,1,20
40,39.66,-74.1,0,8
11,21.41,-111.8,1,15
46,48.76,-76.36,0,16
23,39.8,-102.98,2,10
35,57.91,-82.25,0,19
42,21.14,-94.89,1,20
7,29.64,-72.44,0,21
30,70.05,-88.55,2,22
42,68.75,-91.6,1,20
30,44.22,-94.06,0,22
21,32.64,-98.6,0,9
5,22.09,-152.97,2,17
44,61.5,-68.85,2,6
12,19.02,-70.33,2,13
10,64.02,-109.71,2,4
38,45.73,-104.95,2,19
14,46.54,-116.6,2,19
25,39.84,-90.24,2,20
13,37.42,-156.26,2,18
36,40.98,-154.51,2,25
27,39.98,-99.05,2,19
11,31.58,-143.06,1,15
38,63.53,-109.44,2,19
5,43.76,-73.42,2,17
16,35.02,-149.48,2,26
18,25.66,-67.83,1,3
5,36.23,-120.02,2,17
15,30.23,-109.71,2,19
20,30.08,-93.46,0,1
32,31.35,-100.03,2,14
47,28.02,-90.67,2,27
33,31.73,-103.79,2,18
48,30.73,-99.96,0,0
39,29.53,-102.6,2,23
3,45.58,-85.62,2,5
41,19.44,-94.22,2,24
24,36.46,-123.08,2,12
30,44.98,-116.85,2,22
14,48.17,-90.19,2,19
7,38.92,-84.88,2,21
46,29.28,-78.79,0,16
47,29.85,-120.38,1,27
35,32.18,-87.05,2,19
21,45.6,-97.8,2,9
7,64.48,-116.56,0,21
7,34.97,-70.92,2,21
27,30.09,-112.63,2,19
46,28.78,-103.33,2,16
35,28.7,-102.97,2,19
6,62.86,-76.84,2,0
10,47.89,-71.6,2,4
11,48.66,-103.1,1,15
40,63.99,-71.64,2,8
4,31.68,-72.05,0,7
50,63.4,-103.56,0,26
10,65.37,-157.03,2,4
40,32.64,-77.97,2,8
46,44.34,-117.97,2,16
18,47.09,-89.42,1,3
6,41.51,-92.62,2,0
10,30.05,-100.27,0,4
2,35.61,-110.94,1,20
50,66.42,-90.67,2,26
14,39.2,-110.26,2,19
6,45.73,-110.33,2,0
43,67.73,-100.42,1,20
44,69.41,-83.46,0,6
5,38.74,-88.98,2,17
43,31.11,-117.85,1,20
15,19.01,-86.81,0,19
0,31.2,-108.82,0,28
14,38.67,-155.28,2,19
28,43.16,-76.85,2,26
44,30.12,-116.57,2,6
47,29.68,-67.77,2,27
47,21.56,-91.34,2,27
47,36.1,-120.91,2,27
15,28.64,-123.54,2,19
12,43.27,-119.66,2,13
7,29.59,-72.51,0,21
41,33.6,-80.35,0,24
48,42.31,-92.01,2,0
25,44.75,-91.31,2,20
2,40.34,-122.7,1,20
34,44.93,-115.24,2,12
43,30.62,-84.38,1,20
45,40.94,-88.03,2,19
42,47.5,-156.55,1,20
46,66.79,-95.18,2,16
39,40.04,-117.87,2,23
9,35.95,-71.21,2,20
42,30.02,-119.54,1,20
28,26.91,-99.42,2,26
33,36.9,-79.15,2,18
49,40.82,-87.03,2,19
31,36.69,-74.34,2,13
37,22.19,-107.43,2,26
8,19.58,-95.75,2,11
2,34.17,-88.36,1,20
39,38.39,-107.05,2,23
1,22.14,-87.03,2,29
13,32.05,-69.75,2,18
43,21.08,-83.67,1,20
26,48.74,-111.8,2,26
3,47.4,-106.58,2,5
34,46.23,-156.14,2,12
39,39.22,-106.33,0,23
7,43.91,-93.8,0,21
47,29.18,-74.72,2,27
23,66.58,-88.41,2,10
34,63.37,-84.54,2,12
7,19.99,-104.02,0,21
2,64.18,-105.5,1,20
45,37.59,-81.13,2,19
6,43.94,-87.76,2,0
42,45.95,-119.09,1,20
23,19.56,-87.31,2,10
41,35.25,-77.15,2,24
22,21.62,-82.69,0,0
43,36.15,-91.67,1,20
33,41.79,-152.21,2,18
22,33.7,-118.66,2,0
43,64.91,-102.44,1,20
12,67.52,-92.58,2,13
36,68.36,-98.29,2,25
43,19.02,-103.75,1,20
31,67.99,-74.24,2,13
35,37.05,-84.82,2,19
41,25.44,-97.08,2,24
42,35.45,-117.37,2,20
9,47.26,-110.5,1,20
23,33.71,-70.47,2,10
9,25.35,-119.74,1,20
19,32.22,-86.29,2,2
27,40.78,-99.34,2,19
30,27.14,-86.74,2,22
2,35.47,-96.19,1,20
18,60.18,-99.62,1,3
6,29.79,-85.71,2,0
4,38.63,-92.84,2,7
47,19.14,-84.53,2,27
29,63.68,-83.38,2,26
46,27.52,-100.81,2,16
2,34.8,-68.96,1,20
38,42.16,-122.67,2,19
43,30.46,-93.23,1,20
1,32.9,-117.48,2,29
41,30.68,-112.43,2,24
39,64.82,-98.62,2,23
12,31.88,-101.54,2,13
20,48.65,-116.96,2,1
30,36.05,-80.82,0,22
6,32.62,-91.04,0,0
38,30.85,-109.41,2,19
8,69.43,-98.15,2,11
22,39.01,-120.86,2,0
11,46.0,-77.54,1,15
26,48.73,-96.22,2,26
47,65.38,-100.93,2,27
5,43.46,-74.64,2,17
18,30.32,-98.95,1,3
4,47.87,-117.56,2,7
43,36.16,-68.84,1,20
23,28.49,-87.93,0,10
12,32.31,-107.82,2,13
17,28.65,-79.8,2,19
47,48.04,-77.24,2,27
14,45.87,-117.73,2,19
7,31.32,-74.13,2,21
9,30.29,-97.16,1,20
43,46.69,-88.25,1,20
39,32.91,-156.57,2,23
45,42.39,-108.87,2,19
15,21.1,-75.73,2,19
19,48.73,-159.4,2,2
13,36.42,-119.55,2,18
18,29.09,-74.45,1,3
14,37.69,-83.4,2,19
20,64.02,-109.76,0,1
23,42.95,-114.29,2,10
35,60.11,-110.87,2,19
29,31.32,-82.02,2,26
25,27.99,-150.86,1,20
47,40.19,-88.61,2,27
40,37.61,-99.72,1,8
43,43.13,-97.37,1,20
24,22.05,-76.83,2,12
44,60.2,-80.55,2,6
39,30.76,-103.48,2,23
11,61.91,-93.91,1,15
5,38.95,-120.52,2,17
24,30.6,-99.31,2,12
29,31.64,-90.05,2,26
15,19.96,-111.22,2,19
41,19.82,-100.83,2,24
40,33.87,-100.84,2,8
23,19.08,-100.87,2,10
50,29.71,-99.13,2,26
16,31.81,-69.85,2,26
37,36.03,-96.48,2,26
13,29.98,-89.12,2,18
33,35.52,-89.19,2,18
38,69.32,-113.08,2,19
26,46.6,-159.49,2,26
28,31.21,-102.37,2,26
32,40.96,-73.73,2,14
33,56.73,-113.0,2,18
33,36.89,-112.58,2,18
9,30.05,-94.54,1,20
40,32.48,-93.21,2,8
30,33.15,-117.07,0,22
39,70.33,-149.1,0,23
8,63.03,-118.55,0,11
13,36.61,-119.7,2,18
38,25.9,-74.17,2,19
4,70.23,-146.75,0,7
31,42.62,-133.51,0,13
4,43.47,-92.19,2,7
37,39.68,-92.01,2,26
3,44.04,-70.07,2,5
12,69.58,-109.32,2,13
50,67.21,-119.74,2,26
4,63.99,-111.64,2,7
37,45.5,-78.62,2,26
29,36.41,-108.05,2,26
19,27.03,-105.34,0,2
26,28.25,-99.75,2,26
34,67.5,-100.34,2,12
15,42.64,-111.8,2,19
22,57.11,-86.84,2,0
48,32.37,-77.88,2,0
43,32.38,-110.38,1,20
1,40.2,-158.93,0,29
39,66.57,-82.55,2,23
5,44.36,-101.63,2,17
15,30.34,-77.44,2,19
39,40.77,-81.42,0,23
4,27.78,-98.17,2,7
14,40.86,-105.71,2,19
1,40.41,-107.39,2,29
8,33.45,-102.82,2,11
38,37.66,-82.52,2,19
41,40.52,-73.38,2,24
22,48.44,-88.86,2,0
36,62.32,-81.47,2,25
14,43.3,-95.66,2,19
5,37.0,-69.63,0,17
11,32.82,-79.76,1,15
13,46.53,-109.83,2,18
38,65.94,-111.16,2,19
41,47.09,-165.39,2,24
21,30.02,-151.94,2,9
1,32.42,-75.57,2,29
23,47.93,-88.27,2,10
9,26.12,-141.94,1,20
38,36.84,-81.32,2,19
15,26.19,-81.14,2,19
13,33.96,-91.6,2,18
35,34.28,-70.47,2,19
7,42.06,-78.93,0,21
4,31.91,-92.05,2,7
5,37.29,-106.27,2,17
0,61.53,-91.86,0,28
44,31.35,-116.1,2,6
43,41.24,-81.72,2,20
7,40.62,-99.04,2,21
36,43.68,-69.75,2,25
15,48.78,-98.84,2,19
9,29.46,-87.41,1,20
29,45.79,-75.45,2,26
37,41.2,-124.12,2,26
25,69.97,-96.12,1,20
38,67.44,-110.44,2,19
10,21.47,-123.31,2,4
27,39.49,-74.96,2,19
7,38.93,-91.7,2,21
38,41.07,-117.75,2,19
17,38.74,-99.15,2,19
6,48.49,-68.91,2,0
3,39.77,-72.41,2,5
50,37.97,-84.65,2,26
39,32.52,-118.54,2,23
40,36.48,-117.1,2,8
22,67.53,-81.65,2,0
11,34.45,-84.47,1,15
32,39.69,-159.01,2,14
17,31.68,-158.21,2,19
4,35.59,-93.28,2,7
24,29.3,-71.18,2,12
0,62.38,-121.73,0,28
44,40.1,-72.12,2,6
25,19.63,-86.82,1,20
49,66.17,-81.9,2,19
24,32.88,-122.34,2,12
29,37.64,-94.41,2,26
41,48.27,-112.14,2,24
8,35.13,-70.88,2,11
41,33.47,-83.67,2,24
37,42.98,-117.68,2,26
30,45.71,-112.89,1,22
4,40.56,-90.1,2,7
41,38.04,-119.8,0,24
44,39.9,-119.31,2,6
17,29.13,-82.31,2,19
15,41.24,-110.59,2,19
21,31.98,-124.07,2,9
14,40.17,-81.59,2,19
27,31.74,-85.5,2,19
49,58.89,-80.39,2,19
9,33.61,-86.28,2,20
45,43.86,-76.5,2,19
19,21.59,-114.35,2,2
9,47.87,-98.82,1,20
18,46.03,-121.05,1,3
19,33.32,-85.63,2,2
42,36.43,-73.1,1,20
15,64.6,-91.2,2,19
48,64.25,-88.08,2,0
34,68.3,-147.57,2,12
37,46.19,-94.61,2,26
42,67.47,-160.99,1,20
44,39.76,-153.37,2,6
16,29.16,-105.86,2,26
25,34.43,-95.5,1,20
24,37.83,-120.59,2,12
40,25.95,-98.6,2,8
14,48.16,-68.44,2,19
20,38.38,-103.59,2,1
17,30.89,-82.0,2,19
8,35.0,-97.47,0,11
22,19.2,-118.35,2,0
33,45.55,-114.65,2,18
29,46.44,-105.73,2,26
16,61.46,-142.42,2,26
13,27.42,-79.6,2,18
50,46.93,-99.9,2,26
9,19.61,-98.86,1,20
2,38.42,-92.13,1,20
12,39.11,-123.73,0,13
38,37.02,-123.79,2,19
33,45.69,-159.77,2,18
15,37.35,-80.94,2,19
26,44.76,-121.11,2,26
20,37.78,-106.83,2,1
20,34.05,-108.81,2,1
42,29.65,-100.09,1,20
46,19.49,-72.41,2,16
48,30.15,-75.08,2,0
10,44.19,-79.02,2,4
37,40.48,-101.59,2,26
28,43.35,-87.23,2,26
1,68.42,-100.61,2,29
11,42.89,-87.14,1,15
10,40.91,-121.14,2,4
39,29.21,-88.27,0,23
18,29.76,-77.42,1,3
33,19.35,-85.81,2,18
19,64.82,-73.63,2,2
11,19.33,-101.03,1,15
14,40.76,-77.89,2,19
37,48.18,-95.24,2,26
48,45.91,-115.5,2,0
45,37.59,-100.64,2,19
40,45.83,-119.42,2,8
15,21.55,-78.48,2,19
10,62.86,-78.38,0,4
0,42.18,-105.19,0,28
47,28.22,-146.47,2,27
37,69.32,-80.73,2,26
10,42.01,-94.03,2,4
5,36.06,-104.03,2,17
15,46.34,-112.3,2,19
2,46.39,-91.17,1,20
44,41.83,-87.85,2,6
22,21.39,-110.82,2,0
41,43.54,-164.81,2,24
37,34.37,-110.26,2,26
27,47.94,-84.51,2,19
20,46.8,-106.33,2,1
22,61.1,-118.73,2,0
46,44.56,-97.58,2,16
47,44.76,-111.26,2,27
11,41.28,-76.02,1,15
42,28.15,-97.6,1,20
12,68.27,-76.6,2,13
50,47.08,-114.93,2,26
18,42.01,-96.03,2,3
28,47.65,-115.25,2,26
6,45.42,-76.81,2,0
41,32.81,-106.4,0,24
43,30.75,-81.21,2,20
19,57.65,-96.61,2,2
16,29.65,-106.46,2,26
33,63.18,-112.7,2,18
41,44.62,-88.57,2,24
29,48.26,-101.33,2,26
15,67.48,-115.27,2,19
7,48.21,-77.05,1,21
12,28.64,-72.16,2,13
48,47.06,-68.9,2,0
37,26.6,-102.88,2,26
34,26.14,-77.39,2,12
40,33.43,-71.77,2,8
44,31.67,-97.35,2,6
18,33.8,-80.1,1,3
36,35.47,-121.87,2,25
29,41.73,-95.53,2,26
29,43.96,-161.67,2,26
44,57.29,-143.06,0,6
29,44.12,-76.6,2,26
41,36.99,-68.88,2,24
22,46.1,-111.79,2,0
15,28.04,-99.77,2,19
33,42.54,-95.62,2,18
25,33.15,-119.13,1,20
31,64.46,-72.16,2,13
21,65.5,-71.11,2,9
14,43.92,-74.97,2,19
47,68.31,-102.25,2,27
22,57.32,-117.96,2,0
13,47.7,-90.54,2,18
24,37.85,-89.93,0,12
43,19.99,-95.08,1,20
39,70.01,-83.93,1,23
8,22.11,-151.94,0,11
3,37.38,-101.06,0,5
5,19.87,-85.99,2,17
15,29.44,-113.1,2,19
6,38.87,-77.91,2,0
47,68.89,-97.97,2,27
27,39.12,-94.66,2,19
21,30.87,-70.02,2,9
33,38.31,-98.26,2,18
7,68.78,-151.08,0,21
29,28.68,-109.16,2,26
2,34.6,-115.35,2,20
44,61.72,-116.85,0,6
3,19.35,-99.85,2,5
46,40.97,-80.74,2,16
25,25.66,-122.23,1,20
10,32.53,-115.08,2,4
14,37.85,-114.78,2,19
6,25.34,-85.59,2,0
3,20.73,-109.73,1,5
37,45.73,-111.71,2,26
37,43.85,-110.51,2,26
1,34.48,-100.18,2,29
30,43.29,-70.76,2,22
3,37.55,-132.94,1,5
4,32.18,-75.84,2,7
7,29.23,-157.92,2,21
33,66.18,-87.82,2,18
43,46.31,-77.87,1,20
10,31.49,-84.76,2,4
46,40.45,-90.48,2,16
5,41.31,-95.62,2,17
2,31.24,-88.07,1,20
14,43.66,-85.34,2,19
48,60.45,-155.43,1,0
7,38.44,-112.64,0,21
40,33.04,-147.57,2,8
39,36.26,-116.31,2,23
13,28.12,-113.8,2,18
30,65.0,-90.26,2,22
25,65.34,-103.41,2,20
34,19.19,-78.61,2,12
24,25.53,-88.85,2,12
4,48.32,-80.39,2,7
30,48.3,-119.39,2,22
32,69.32,-101.09,2,14
5,44.17,-121.74,2,17
38,68.74,-96.56,2,19
29,47.47,-121.83,2,26
48,48.66,-119.61,2,0
38,36.68,-86.18,2,19
21,45.31,-118.1,2,9
49,30.32,-76.36,2,19
27,63.2,-71.02,2,19
8,38.75,-101.7,2,11
27,41.43,-118.2,2,19
32,33.67,-105.14,2,14
19,41.65,-75.19,2,2
31,44.99,-74.46,2,13
0,21.34,-89.19,0,28
42,35.42,-121.3,1,20
1,41.07,-86.99,0,29
0,59.66,-95.92,0,28
12,21.48,-71.25,2,13
49,36.34,-81.29,2,19
50,39.55,-98.45,2,26
3,67.21,-91.81,2,5
45,65.11,-90.21,2,19
41,47.12,-109.12,2,24
25,31.5,-112.44,1,20
11,46.78,-73.52,1,15
18,47.56,-97.3,1,3
6,41.97,-107.78,2,0
46,27.78,-116.49,2,16
25,41.44,-123.55,1,20
16,46.32,-68.93,2,26
0,46.61,-106.72,0,28
3,21.41,-73.52,0,5
38,37.23,-86.1,2,19
2,47.3,-117.18,1,20
9,43.61,-90.19,1,20
40,43.54,-75.79,2,8
33,42.69,-82.8,2,18
44,38.31,-100.2,2,6
24,22.0,-92.6,2,12
39,19.73,-108.95,0,23
44,67.48,-90.67,2,6
1,45.74,-92.78,2,29
10,19.22,-106.6,2,4
20,39.62,-101.09,0,1
11,46.8,-121.33,1,15
33,56.87,-72.11,0,18
45,64.25,-144.2,2,19
36,35.02,-97.68,2,25
29,48.14,-90.94,0,26
12,44.69,-91.19,2,13
29,48.8,-106.72,2,26
2,33.71,-73.54,1,20
45,48.26,-119.1,2,19
7,64.02,-74.43,1,21
33,35.44,-93.74,2,18
2,22.14,-76.3,1,20
24,39.01,-81.26,0,12
35,40.5,-80.6,2,19
42,65.6,-123.35,1,20
35,37.48,-88.63,2,19
0,45.94,-107.46,0,28
49,36.47,-101.06,2,19
35,37.46,-105.31,2,19
21,28.69,-118.74,0,9
15,35.47,-70.39,2,19
39,65.69,-88.52,2,23
25,33.05,-81.47,1,20
36,44.49,-116.54,1,25
6,28.82,-121.21,2,0
12,46.71,-103.24,2,13
39,41.79,-101.39,0,23
50,41.37,-96.34,2,26
11,19.38,-80.45,1,15
45,37.38,-110.67,2,19
18,48.6,-155.75,1,3
45,28.05,-154.5,2,19
19,44.78,-84.26,2,2
5,30.88,-74.47,2,17
27,38.03,-86.08,2,19
31,37.62,-97.21,2,13
42,20.82,-119.72,1,20
11,37.35,-91.68,1,15
50,42.46,-155.72,2,26
47,64.23,-101.87,0,27
0,57.3,-85.96,0,28
50,39.74,-87.48,2,26
32,43.87,-70.4,2,14
19,37.11,-91.59,2,2
24,39.23,-71.66,2,12
19,64.11,-114.19,2,2
18,22.06,-71.09,1,3
47,42.7,-107.72,0,27
22,46.96,-117.49,2,0
31,40.64,-90.27,2,13
17,40.68,-84.4,2,19
49,47.84,-85.08,2,19
49,36.62,-89.99,2,19
7,28.06,-158.8,2,21
26,29.18,-70.78,2,26
7,61.2,-90.47,0,21
27,35.34,-147.57,2,19
12,31.27,-94.34,2,13
30,43.06,-95.95,2,22
20,31.77,-109.39,0,1
15,39.0,-161.28,2,19
10,70.54,-158.0,2,4
14,44.48,-155.92,2,19
13,31.92,-96.24,2,18
33,46.65,-104.15,2,18
0,59.97,-92.4,0,28
1,69.97,-118.95,2,29
30,27.15,-113.57,2,22
8,28.76,-77.38,0,11
10,36.72,-69.16,2,4
22,29.75,-75.9,2,0
29,41.78,-84.7,2,26
14,22.05,-104.61,2,19
42,35.44,-89.19,1,20
40,47.32,-90.44,2,8
50,33.41,-120.29,2,26
5,48.11,-102.69,2,17
4,21.29,-109.93,2,7
37,39.38,-105.81,2,26
50,37.88,-148.86,2,26
25,40.28,-83.8,1,20
50,39.15,-112.13,2,26
4,44.07,-112.28,2,7
11,69.45,-72.65,0,15
42,36.82,-156.44,1,20
34,21.56,-99.54,2,12
40,38.58,-95.41,2,8
1,31.04,-118.28,2,29
35,43.52,-100.47,2,19
46,26.67,-155.93,2,16
7,31.87,-119.74,0,21
21,31.83,-79.88,2,9
10,45.83,-89.62,2,4
45,36.7,-102.51,2,19
13,68.3,-111.04,1,18
30,44.44,-69.73,2,22
15,27.16,-74.16,2,19
23,46.85,-101.96,1,10
2,48.67,-160.94,1,20
0,35.5,-121.76,0,28
47,27.54,-97.54,1,27
40,47.74,-134.74,2,8
50,41.05,-97.17,2,26
28,41.78,-71.05,2,26
14,35.15,-88.59,2,19
5,36.47,-104.14,2,17
28,41.05,-108.77,2,26
41,27.02,-94.93,2,24
15,43.69,-87.11,2,19
38,21.44,-101.72,2,19
5,47.53,-86.48,2,17
9,43.32,-83.59,1,20
48,31.7,-81.53,2,0
12,41.59,-88.0,2,13
26,30.31,-97.93,2,26
34,61.03,-122.71,2,12
23,28.32,-76.87,2,10
26,48.88,-70.21,2,26
27,33.5,-164.33,2,19
16,63.63,-94.87,2,26
19,20.16,-95.87,2,2
49,28.56,-82.88,2,19
48,41.2,-73.87,2,0
26,47.62,-69.32,2,26
48,45.31,-105.69,2,0
44,42.88,-94.1,0,6
45,62.3,-94.92,2,19
12,34.35,-114.8,2,13
0,45.58,-109.57,0,28
15,39.57,-89.53,2,19
11,46.34,-109.96,1,15
28,31.7,-83.86,2,26
3,32.66,-77.74,2,5
4,19.58,-89.57,2,7
48,67.44,-156.06,2,0
6,19.27,-158.53,2,0
27,45.07,-83.05,2,19
21,31.69,-103.73,2,9
9,33.43,-108.3,1,20
39,42.71,-80.56,2,23
15,20.85,-111.32,2,19
46,47.62,-95.98,2,16
25,67.89,-102.81,1,20
26,48.46,-89.76,2,26
10,62.77,-121.77,1,4
47,46.83,-103.79,2,27
33,67.99,-120.75,2,18
28,32.91,-90.7,2,26
16,45.67,-104.43,2,26
45,39.72,-110.63,2,19
45,40.06,-90.32,2,19
31,40.29,-68.95,2,13
36,41.18,-82.67,2,25
20,67.0,-102.55,2,1
50,42.57,-158.33,2,26
1,61.84,-70.14,2,29
15,36.48,-115.26,2,19
20,40.47,-95.06,2,1
21,36.8,-155.87,2,9
40,33.92,-93.64,2,8
13,56.01,-93.54,2,18
21,45.72,-90.29,2,9
0,38.69,-121.25,0,28
14,21.17,-77.3,2,19
43,19.73,-109.47,1,20
45,39.86,-98.11,2,19
49,40.92,-154.12,2,19
11,69.4,-80.74,1,15
39,35.9,-94.8,2,23
28,36.24,-93.6,2,26
20,19.7,-110.34,2,1
22,36.8,-112.17,2,0
13,48.89,-142.0,0,18
15,40.41,-86.59,2,19
5,61.35,-89.32,2,17
18,30.47,-70.02,1,3
13,64.48,-97.96,2,18
33,25.47,-109.59,2,18
34,45.37,-70.54,2,12
14,29.54,-75.93,2,19
12,65.37,-70.96,2,13
21,36.7,-158.07,2,9
28,41.97,-104.12,2,26
46,35.21,-89.33,2,16
24,29.78,-111.4,2,12
16,21.58,-89.34,2,26
15,29.88,-67.75,2,19
34,33.42,-81.94,2,12
4,41.69,-87.16,2,7
24,27.14,-76.71,0,12
8,31.78,-114.03,2,11
49,36.24,-101.51,2,19
27,40.58,-100.93,2,19
5,65.78,-116.07,1,17
6,30.48,-90.66,2,0
18,31.12,-80.84,1,3
45,38.46,-119.61,2,19
47,59.97,-70.52,2,27
15,46.55,-100.58,2,19
46,59.72,-164.73,2,16
39,30.01,-73.15,2,23
30,33.52,-165.39,2,22
4,19.54,-84.47,2,7
48,21.55,-74.08,2,0
2,22.2,-73.32,1,20
24,21.38,-71.62,2,12
0,65.46,-157.32,0,28
22,45.67,-82.4,2,0
29,37.59,-86.14,2,26
14,38.56,-155.85,2,19
19,39.33,-70.34,2,2
13,27.52,-103.83,0,18
15,25.94,-85.47,0,19
1,29.28,-110.87,1,29
48,46.56,-88.72,2,0
12,21.16,-91.07,2,13
4,39.0,-94.01,2,7
24,61.5,-69.65,2,12
43,60.21,-76.58,1,20
41,19.21,-113.83,2,24
33,41.17,-115.86,2,18
6,37.36,-117.58,2,0
16,48.43,-111.55,2,26
39,65.92,-110.04,2,23
12,29.92,-117.6,2,13
28,40.73,-68.96,2,26
46,43.28,-84.75,2,16
10,41.52,-116.31,2,4
47,31.65,-96.18,2,27
48,27.5,-111.09,2,0
37,46.38,-121.95,2,26
20,32.84,-79.93,2,1
20,43.74,-77.2,1,1
36,65.51,-105.5,2,25
15,28.18,-103.87,2,19
15,38.51,-97.26,2,19
20,34.73,-113.27,2,1
21,31.92,-106.26,2,9
15,19.87,-93.17,2,19
48,20.16,-121.93,2,0
10,32.4,-107.1,2,4
2,36.7,-120.95,1,20
3,29.72,-92.2,2,5
29,25.86,-99.04,2,26
44,66.57,-109.41,1,6
43,29.94,-85.63,1,20
8,47.07,-95.93,2,11
10,33.82,-104.98,2,4
15,42.76,-97.4,2,19
26,42.3,-85.44,2,26
29,45.32,-105.75,2,26
3,34.92,-101.18,2,5
10,41.73,-83.72,2,4
7,68.65,-81.3,2,21
11,48.66,-150.88,1,15
4,64.8,-105.85,1,7
38,33.43,-121.42,2,19
46,19.95,-72.6,1,16
9,31.46,-75.63,1,20
4,48.08,-67.87,2,7
15,36.51,-80.5,2,19
14,40.58,-121.6,2,19
23,37.67,-116.18,1,10
11,62.31,-98.92,1,15
16,28.4,-67.71,2,26
12,63.9,-115.5,2,13
30,34.18,-89.17,2,22
16,45.78,-110.93,2,26
47,29.46,-84.84,2,27
49,41.31,-119.34,2,19
36,29.82,-70.95,2,25
40,65.92,-82.84,2,8
37,34.89,-91.78,2,26
46,30.29,-156.32,0,16
47,67.47,-159.9,2,27
20,48.92,-89.17,2,1
3,27.99,-107.33,2,5
21,34.68,-118.68,2,9
12,22.14,-119.95,2,13
7,33.59,-70.92,0,21
17,60.8,-86.39,2,19
14,38.67,-82.81,2,19
3,32.14,-68.84,2,5
13,59.66,-98.96,2,18
29,48.01,-108.25,2,26
3,33.51,-108.52,0,5
15,40.4,-98.23,2,19
21,19.3,-141.59,2,9
3,40.33,-159.06,2,5
15,26.0,-67.88,2,19
39,41.43,-157.97,2,23
30,39.11,-111.78,0,22
38,47.68,-113.45,2,19
26,45.48,-89.43,2,26
41,30.76,-154.83,2,24
2,37.45,-118.78,1,20
38,65.96,-75.0,2,19
26,42.27,-93.98,2,26
13,32.33,-123.76,2,18
9,29.94,-81.74,1,20
25,19.25,-122.12,1,20
24,41.68,-109.66,2,12
20,38.75,-90.39,2,1
36,36.57,-72.27,2,25
46,28.35,-89.54,2,16
43,34.71,-77.91,1,20
31,32.13,-111.71,0,13
46,63.76,-72.88,2,16
14,64.46,-96.95,2,19
4,46.04,-68.56,2,7
14,37.81,-74.41,2,19
16,19.43,-84.02,2,26
12,22.19,-79.25,2,13
11,27.14,-166.43,1,15
0,34.93,-148.24,0,28
50,25.53,-117.57,2,26
15,29.73,-143.46,2,19
43,33.06,-121.77,1,20
49,43.43,-123.53,2,19
12,70.31,-123.89,2,13
48,27.54,-94.19,2,0
32,25.86,-84.41,2,14
45,21.44,-88.69,2,19
23,39.84,-94.29,2,10
28,42.62,-97.31,1,26
50,27.78,-100.1,2,26
4,46.95,-93.81,2,7
19,36.31,-82.01,2,2
44,32.64,-104.27,2,6
26,46.37,-105.85,2,26
2,35.58,-69.22,1,20
7,33.4,-82.82,0,21
37,47.75,-108.5,2,26
22,26.78,-80.51,2,0
17,36.07,-81.62,0,19
8,48.03,-92.88,2,11
45,34.72,-99.79,2,19
2,43.27,-117.86,1,20
13,29.46,-82.08,2,18
1,40.76,-90.13,2,29
23,62.38,-71.48,1,10
50,47.84,-123.94,2,26
37,62.22,-123.18,2,26
20,32.16,-77.2,2,1
14,39.99,-81.41,2,19
1,19.18,-72.46,0,29
14,43.43,-107.02,2,19
27,38.8,-97.17,2,19
42,45.21,-98.82,2,20
43,33.64,-82.89,1,20
10,58.36,-117.15,2,4
34,46.18,-154.3,2,12
35,46.96,-94.1,2,19
7,27.3,-118.43,0,21
50,45.87,-149.46,2,26
39,25.44,-92.08,2,23
17,61.47,-74.09,2,19
0,21.34,-85.87,0,28
24,30.65,-123.22,2,12
34,64.18,-100.51,2,12
40,45.94,-67.86,2,8
0,60.11,-87.01,0,28
21,42.43,-101.22,2,9
30,35.84,-114.81,2,22
31,40.63,-78.26,2,13
11,36.18,-76.66,1,15
46,37.77,-116.36,2,16
34,33.4,-81.87,2,12
46,31.08,-88.53,2,16
23,48.18,-101.85,2,10
3,67.46,-69.85,0,5
4,37.09,-147.54,2,7
7,28.32,-73.19,2,21
11,37.04,-98.4,1,15
6,41.91,-120.42,2,0
22,26.72,-105.35,2,0
37,46.82,-113.42,2,26
23,36.14,-112.41,0,10
20,37.75,-72.59,2,1
20,32.38,-91.12,2,1
7,35.75,-110.75,2,21
25,47.77,-111.68,1,20
9,31.33,-68.41,1,20
41,29.96,-102.45,2,24
34,46.47,-123.58,2,12
22,35.43,-110.45,2,0
1,42.25,-89.96,0,29
13,28.26,-86.29,2,18
10,31.84,-117.69,2,4
13,37.44,-158.65,2,18
44,20.79,-105.77,0,6
5,39.81,-110.19,2,17
10,34.88,-92.23,2,4
11,29.59,-82.49,1,15
46,25.72,-93.62,0,16
11,20.91,-86.55,1,15
50,48.04,-104.39,2,26
1,22.05,-100.62,2,29
30,35.62,-105.51,2,22
46,33.92,-107.06,2,16
27,40.03,-85.47,2,19
39,26.22,-82.89,2,23
27,42.29,-101.55,2,19
31,19.27,-70.79,0,13
13,21.54,-165.38,2,18
38,41.21,-112.12,2,19
37,27.36,-104.94,2,26
48,42.5,-97.75,2,0
1,32.24,-119.66,0,29
48,31.9,-121.62,2,0
18,43.92,-78.87,1,3
22,22.03,-119.59,2,0
3,62.99,-106.68,2,5
42,36.48,-121.99,1,20
49,67.43,-154.87,2,19
24,42.57,-88.51,2,12
2,41.79,-103.28,1,20
30,43.08,-111.94,2,22
14,38.25,-86.48,2,19
4,30.8,-154.27,2,7
47,53.24,-97.12,2,27
45,65.82,-87.24,2,19
35,35.51,-95.23,2,19
29,48.67,-109.92,2,26
14,19.51,-81.47,2,19
20,28.57,-113.74,0,1
44,47.31,-107.3,2,6
8,42.16,-97.8,2,11
27,40.35,-72.4,2,19
34,31.42,-82.63,2,12
40,31.67,-74.84,2,8
13,46.68,-116.3,2,18
4,21.45,-154.99,1,7
24,19.6,-91.55,2,12
17,26.91,-84.56,2,19
21,34.92,-68.3,2,9
50,33.62,-79.97,2,26
39,47.72,-157.07,2,23
10,30.0,-110.84,2,4
19,46.17,-104.1,2,2
36,47.25,-89.09,2,25
33,46.58,-108.4,2,18
17,38.37,-101.82,2,19
35,34.4,-91.92,2,19
23,67.68,-113.92,2,10
48,42.28,-96.07,2,0
6,65.96,-106.2,1,0
20,65.0,-104.1,2,1
21,34.56,-73.73,2,9
31,42.82,-115.42,2,13
36,28.75,-81.15,2,25
40,30.86,-78.87,2,8
26,44.16,-116.09,2,26
43,45.88,-87.62,2,20
30,39.52,-114.28,2,22
30,48.47,-67.83,2,22
15,20.66,-106.32,2,19
8,29.15,-88.05,1,11
39,47.74,-73.48,0,23
41,65.11,-95.5,2,24
7,38.13,-115.0,0,21
32,21.95,-120.64,2,14
37,45.64,-89.6,2,26
18,38.26,-84.79,1,3
19,19.03,-156.2,2,2
25,33.19,-103.16,1,20
7,32.86,-75.57,0,21
34,47.51,-82.51,2,12
37,44.52,-68.85,2,26
46,46.77,-73.41,2,16
43,45.42,-83.25,1,20
33,61.16,-77.49,2,18
5,40.18,-92.63,2,17
25,42.84,-81.72,1,20
15,65.94,-71.85,2,19
4,19.46,-77.51,0,7
10,66.18,-87.71,2,4
24,32.78,-86.28,2,12
22,45.94,-70.33,2,0
44,40.02,-106.1,2,6
22,29.83,-156.2,2,0
0,19.51,-84.97,0,28
29,44.29,-69.06,2,26
11,21.5,-102.75,0,15
37,47.71,-110.79,2,26
12,33.56,-89.35,2,13
46,40.66,-106.01,2,16
42,67.19,-84.02,1,20
5,33.09,-76.2,2,17
5,38.13,-76.22,2,17
1,42.23,-160.12,2,29
14,69.39,-82.73,2,19
18,19.23,-108.4,2,3
30,26.14,-74.03,2,22
24,41.24,-71.68,1,12
36,33.57,-119.37,2,25
28,31.5,-99.42,2,26
39,37.28,-93.52,2,23
2,19.78,-121.21,1,20
35,36.06,-117.71,2,19
7,30.24,-91.84,2,21
39,31.89,-70.87,2,23
24,40.45,-153.29,2,12
16,41.53,-115.42,2,26
12,44.44,-102.42,2,13
40,45.89,-73.57,0,8
16,31.6,-95.39,2,26
30,30.44,-112.25,2,22
3,29.99,-94.05,2,5
37,30.1,-118.1,2,26
50,30.45,-79.44,2,26
43,30.53,-96.9,1,20
49,36.27,-98.35,2,19
45,44.24,-85.74,2,19
28,32.05,-121.71,2,26
2,47.48,-78.91,1,20
14,31.02,-110.83,2,19
42,36.87,-144.56,1,20
33,32.14,-94.07,2,18
35,37.31,-74.69,2,19
30,64.93,-106.08,2,22
4,35.03,-113.78,2,7
20,44.58,-76.59,2,1
15,39.19,-116.48,2,19
40,57.3,-119.87,2,8
7,42.81,-83.84,2,21
3,44.72,-101.18,2,5
4,48.73,-119.05,2,7
16,63.73,-98.45,2,26
12,66.57,-97.02,2,13
47,44.06,-106.8,2,27
5,66.97,-101.6,2,17
17,34.3,-80.46,2,19
19,41.0,-94.19,2,2
33,29.93,-155.92,2,18
38,38.32,-155.46,2,19
13,48.94,-69.16,2,18
40,42.48,-73.57,2,8
39,47.52,-78.89,2,23
8,40.26,-98.36,0,11
46,64.82,-155.12,2,16
9,20.77,-110.06,1,20
32,46.04,-115.51,0,14
13,47.9,-100.2,2,18
3,34.39,-111.16,2,5
6,44.55,-91.68,2,0
41,44.5,-98.22,2,24
0,34.84,-89.5,0,28
20,27.24,-122.78,2,1
7,58.17,-74.01,0,21
39,35.72,-155.38,2,23
40,37.24,-85.49,2,8
38,35.01,-104.87,2,19
9,41.95,-91.32,1,20
24,44.82,-91.8,2,12
8,44.66,-84.69,2,11
48,41.32,-110.83,2,0
15,38.63,-95.83,2,19
18,26.0,-112.54,2,3
47,21.38,-117.13,2,27
4,37.22,-118.04,2,7
27,38.66,-72.41,2,19
48,21.06,-99.76,2,0
10,37.26,-106.78,0,4
37,47.62,-88.34,2,26
30,43.9,-79.27,2,22
21,68.42,-71.42,2,9
27,37.79,-93.68,2,19
39,61.72,-86.56,2,23
24,44.57,-88.73,2,12
17,39.74,-121.61,2,19
23,61.1,-78.58,2,10
23,43.18,-72.68,2,10
16,48.79,-117.34,2,26
27,29.24,-157.95,2,19
19,46.01,-99.38,2,2
28,41.97,-118.04,2,26
42,34.56,-82.83,1,20
42,32.34,-131.53,1,20
32,68.74,-97.78,2,14
5,46.36,-104.79,2,17
40,34.15,-115.05,2,8
36,32.63,-73.14,2,25
26,43.45,-75.0,2,26
47,22.19,-117.85,2,27
26,68.78,-108.88,2,26
33,28.09,-72.85,2,18
20,36.18,-112.14,2,1
22,43.07,-105.8,2,0
39,48.61,-102.01,1,23
48,36.64,-80.33,2,0
7,21.49,-84.03,0,21
4,65.61,-96.6,0,7
15,20.7,-81.94,2,19
2,34.44,-147.57,1,20
46,27.88,-82.13,0,16
22,46.43,-82.03,2,0
1,41.06,-80.73,2,29
47,43.92,-118.45,2,27
22,28.98,-103.01,2,0
37,48.37,-106.88,2,26
23,69.62,-90.96,2,10
43,28.2,-123.87,1,20
41,59.5,-158.8,2,24
9,46.44,-77.83,1,20
31,57.97,-89.94,2,13
37,63.37,-105.53,2,26
46,41.35,-91.6,2,16
27,34.12,-156.87,2,19
19,42.11,-109.17,2,2
39,20.9,-88.94,2,23
40,32.79,-85.77,2,8
21,42.27,-78.08,1,9
5,31.43,-112.2,2,17
20,67.19,-70.33,2,1
4,19.62,-95.68,2,7
42,61.06,-157.08,1,20
25,39.06,-107.25,1,20
39,68.65,-99.16,2,23
22,28.88,-104.12,2,0
45,37.92,-151.69,2,19
27,48.32,-91.52,2,19
6,37.46,-83.88,2,0
7,66.23,-105.7,0,21
2,42.72,-85.29,1,20
50,31.37,-102.97,2,26
12,21.16,-68.74,2,13
0,31.19,-68.33,0,28
47,40.83,-117.84,2,27
21,42.68,-69.49,2,9
40,28.66,-158.2,2,8
8,32.49,-78.3,1,11
10,32.45,-142.3,2,4
23,35.85,-98.77,1,10
47,19.77,-78.07,0,27
33,40.28,-95.59,2,18
19,35.33,-101.93,2,2
21,46.66,-112.71,2,9
1,34.55,-151.47,2,29
35,19.74,-94.61,2,19
43,47.08,-102.08,1,20
2,34.48,-109.79,1,20
42,30.06,-82.89,1,20
28,43.1,-88.01,2,26
37,61.73,-95.19,2,26
1,40.72,-83.51,2,29
0,47.14,-92.86,0,28
19,36.78,-78.03,2,2
5,68.07,-79.42,2,17
48,28.88,-76.3,2,0
18,31.09,-123.94,1,3
44,34.33,-85.28,0,6
44,44.84,-161.67,2,6
25,34.22,-99.2,1,20
30,44.96,-84.95,0,22
18,48.46,-87.95,1,3
48,30.69,-94.33,2,0
23,33.81,-93.45,2,10
26,46.82,-85.38,2,26
23,44.01,-90.46,2,10
34,34.29,-106.83,1,12
12,45.91,-74.75,2,13
18,46.42,-80.16,1,3
19,63.64,-109.34,0,2
13,44.65,-118.89,2,18
50,67.73,-102.65,2,26
22,70.31,-157.95,2,0
14,39.37,-80.03,2,19
49,27.03,-76.89,2,19
3,33.51,-88.85,2,5
16,67.89,-120.29,2,26
19,33.65,-91.94,2,2
11,29.84,-82.62,1,15
49,40.73,-115.69,2,19
18,40.35,-68.27,1,3
49,37.58,-105.85,2,19
26,42.9,-99.2,2,26
37,34.0,-80.3,2,26
24,35.88,-116.26,2,12
1,35.74,-104.71,2,29
14,60.97,-89.76,0,19
28,28.11,-145.02,2,26
45,35.01,-116.2,2,19
50,39.11,-83.67,2,26
32,44.9,-102.38,2,14
49,66.98,-74.96,2,19
43,30.18,-85.48,1,20
50,46.29,-94.46,2,26
10,30.34,-74.5,2,4
21,47.61,-71.71,2,9
8,39.1,-122.85,2,11
50,27.47,-103.72,2,26
13,41.86,-159.9,0,18
1,37.79,-123.08,2,29
37,66.42,-104.97,2,26
16,46.32,-110.69,2,26
31,64.49,-119.84,2,13
27,35.0,-67.96,2,19
48,68.78,-122.77,2,0
22,45.44,-105.71,2,0
2,32.61,-83.92,1,20
33,41.67,-117.99,2,18
39,31.07,-86.56,0,23
27,60.64,-91.69,2,19
6,41.69,-88.13,2,0
17,37.09,-111.94,2,19
14,41.02,-87.41,2,19
14,35.9,-88.75,2,19
39,29.28,-78.38,0,23
18,35.21,-122.38,2,3
21,42.73,-99.62,2,9
30,19.95,-79.37,2,22
0,34.16,-110.6,0,28
0,28.9,-113.64,0,28
9,19.88,-67.64,1,20
46,48.33,-100.61,2,16
14,65.69,-87.13,2,19
41,33.66,-114.94,2,24
17,29.8,-80.57,2,19
34,42.03,-92.92,2,12
22,31.76,-74.52,0,0
14,35.89,-156.94,2,19
37,39.02,-107.73,2,26
24,39.17,-85.9,2,12
16,48.96,-89.73,2,26
38,19.23,-101.87,2,19
37,42.11,-99.15,2,26
10,45.33,-106.0,1,4
10,40.14,-158.27,2,4
4,35.4,-71.4,2,7
2,46.93,-91.81,1,20
14,38.19,-78.82,2,19
45,39.28,-110.14,2,19
48,30.38,-87.11,2,0
17,43.94,-100.6,2,19
23,43.3,-123.31,2,10
47,45.58,-119.92,2,27
45,37.03,-84.56,2,19
19,37.25,-101.61,2,2
31,43.37,-96.17,2,13
43,31.75,-111.23,1,20
32,36.13,-95.16,1,14
40,35.41,-91.14,2,8
35,33.88,-115.33,2,19
32,64.91,-71.09,2,14
25,35.34,-91.55,1,20
5,34.79,-86.62,2,17
32,41.01,-94.05,2,14
42,65.23,-82.69,2,20
47,32.04,-104.87,2,27
49,30.57,-83.69,2,19
10,42.98,-100.86,2,4
0,67.43,-70.83,0,28
14,31.1,-85.29,2,19
15,47.07,-161.28,2,19
42,34.71,-92.88,1,20
0,27.22,-73.72,0,28
21,48.81,-108.92,2,9
34,21.1,-92.51,2,12
24,63.2,-74.45,2,12
43,36.56,-87.19,1,20
21,48.85,-117.89,2,9
46,65.46,-159.43,2,16
35,39.09,-155.58,2,19
17,40.22,-78.92,2,19
42,29.09,-118.05,1,20
44,41.61,-73.51,2,6
11,37.28,-91.92,1,15
18,29.84,-68.06,1,3
19,27.78,-91.17,2,2
3,21.29,-68.92,2,5
26,29.6,-120.65,2,26
30,68.89,-70.04,2,22
41,44.85,-118.18,2,24
8,29.92,-70.92,2,11
41,35.37,-95.03,2,24
35,41.72,-103.83,2,19
15,38.12,-94.3,2,19
50,47.29,-121.41,2,26
6,31.16,-88.63,2,0
30,37.03,-80.83,0,22
41,19.78,-84.03,2,24
50,30.5,-73.93,2,26
48,32.32,-88.72,2,0
37,45.27,-70.4,2,26
36,36.52,-122.84,2,25
8,67.74,-102.2,2,11
33,41.63,-82.95,2,18
31,47.24,-106.32,2,13
6,42.52,-107.77,2,0
37,59.5,-106.93,2,26
7,48.75,-105.5,2,21
28,19.28,-90.06,2,26
10,20.74,-103.45,2,4
33,21.16,-98.78,2,18
8,39.03,-134.48,0,11
24,46.07,-113.31,2,12
36,61.16,-121.81,2,25
10,35.33,-67.93,2,4
25,45.43,-102.21,1,20
36,27.16,-81.77,2,25
35,68.25,-114.95,2,19
49,36.54,-89.52,1,19
2,26.12,-109.68,1,20
4,48.79,-119.51,2,7
34,46.18,-113.75,2,12
42,20.8,-148.77,1,20
27,30.81,-113.53,2,19
31,41.37,-119.43,2,13
9,45.38,-95.16,1,20
30,44.26,-93.82,2,22
45,32.83,-78.75,2,19
31,43.13,-159.53,2,13
1,46.94,-79.6,2,29
40,37.41,-122.84,0,8
40,20.19,-91.79,0,8
12,20.9,-115.26,2,13
16,44.25,-73.4,2,26
3,40.46,-78.44,2,5
27,35.04,-97.08,2,19
46,35.63,-99.19,2,16
43,29.13,-117.38,1,20
13,21.62,-74.41,2,18
11,48.59,-121.11,1,15
23,19.66,-78.15,2,10
14,37.01,-159.51,2,19
27,65.61,-119.41,2,19
32,45.01,-78.71,2,14
20,38.17,-100.97,2,1
17,45.79,-99.54,2,19
32,19.95,-83.97,2,14
3,32.78,-99.76,2,5
15,25.42,-85.53,2,19
39,19.21,-106.53,2,23
18,47.03,-82.79,2,3
20,39.51,-118.17,2,1
13,20.99,-103.26,2,18
5,37.2,-73.45,2,17
36,49.03,-69.62,2,25
47,65.94,-112.77,2,27
50,32.45,-77.34,2,26
19,40.28,-114.23,2,2
14,29.89,-77.38,2,19
32,63.57,-82.27,2,14
14,29.18,-79.04,2,19
19,21.89,-165.39,2,2
50,47.95,-73.28,2,26
4,67.03,-115.65,2,7
24,61.53,-121.52,2,12
10,21.41,-90.22,1,4
24,47.43,-155.12,2,12
40,37.16,-96.9,2,8
6,40.23,-142.82,2,0
41,57.29,-80.83,2,24
11,61.73,-86.36,1,15
43,35.68,-110.51,1,20
21,28.74,-103.98,2,9
17,38.45,-70.47,2,19
11,46.49,-77.94,1,15
4,45.02,-82.67,2,7
30,35.87,-67.33,2,22
15,19.42,-71.71,2,19
1,32.08,-84.94,0,29
37,47.44,-147.83,2,26
5,48.29,-72.98,2,17
39,46.84,-93.34,1,23
7,40.65,-115.28,0,21
41,40.95,-73.19,2,24
25,66.58,-114.92,2,20
21,44.86,-108.05,0,9
43,30.92,-87.81,1,20
25,30.72,-82.64,1,20
43,47.82,-112.14,1,20
40,29.8,-109.2,2,8
8,48.52,-99.31,2,11
17,37.59,-69.1,2,19
32,32.67,-93.83,2,14
13,19.91,-148.68,2,18
14,40.34,-120.04,2,19
37,66.44,-116.68,2,26
49,35.16,-85.43,2,19
50,45.46,-108.69,2,26
14,19.46,-124.08,2,19
0,37.32,-93.09,0,28
8,48.56,-115.43,2,11
41,41.27,-133.41,1,24
23,26.15,-73.07,2,10
44,32.66,-103.85,2,6
26,19.63,-108.75,2,26
25,66.55,-95.39,1,20
39,35.78,-76.25,0,23
49,41.6,-108.63,2,19
25,28.75,-87.35,1,20
49,37.38,-164.33,2,19
28,33.55,-110.65,2,26
32,20.84,-123.22,2,14
33,48.56,-110.12,2,18
14,37.51,-103.02,2,19
27,41.01,-111.57,2,19
34,41.68,-102.05,2,12
42,42.4,-114.91,1,20
27,40.44,-113.34,2,19
3,67.0,-144.06,2,5
20,37.38,-95.05,2,1
4,29.21,-95.64,2,7
34,42.29,-107.53,2,12
39,40.14,-73.4,0,23
39,37.13,-90.86,2,23
39,44.97,-82.68,2,23
50,19.12,-68.26,2,26
43,19.36,-95.29,1,20
21,46.5,-111.16,2,9
17,67.82,-78.95,2,19
36,46.84,-85.97,2,25
47,37.59,-95.46,2,27
50,66.89,-94.09,2,26
36,21.91,-90.68,2,25
26,45.31,-100.07,2,26
11,29.64,-109.95,1,15
32,42.24,-102.86,0,14
15,40.37,-76.22,2,19
35,32.2,-78.62,2,19
21,26.81,-114.22,2,9
37,48.38,-86.11,2,26
38,34.68,-113.29,2,19
33,31.89,-111.87,2,18
15,65.99,-92.53,2,19
36,35.14,-90.94,2,25
50,67.21,-155.3,2,26
39,19.51,-92.02,2,23
45,35.35,-76.31,2,19
43,34.13,-76.73,1,20
33,33.69,-101.57,2,18
29,39.95,-120.32,2,26
29,46.04,-93.3,2,26
41,39.66,-73.65,2,24
3,60.26,-74.27,0,5
22,45.36,-94.81,0,0
26,28.24,-123.83,2,26
12,38.11,-84.3,2,13
22,28.78,-104.63,2,0
9,45.97,-105.72,1,20
37,64.93,-104.76,2,26
0,45.3,-114.82,0,28
28,33.59,-102.88,2,26
32,32.13,-83.41,2,14
2,44.07,-157.91,1,20
14,19.57,-86.83,2,19
20,48.54,-124.28,2,1
30,19.51,-85.61,2,22
50,45.93,-122.16,2,26
8,43.33,-98.54,2,11
30,28.88,-78.6,2,22
17,37.71,-89.03,2,19
41,38.07,-160.21,2,24
9,48.58,-117.92,1,20
21,42.35,-102.06,0,9
38,43.38,-69.52,2,19
35,37.58,-105.25,2,19
12,34.08,-100.24,2,13
42,35.07,-107.21,1,20
7,41.24,-75.38,2,21
3,19.46,-99.91,2,5
47,37.0,-76.97,2,27
17,39.82,-110.07,2,19
39,70.23,-79.87,2,23
23,37.44,-147.91,0,10
48,47.01,-96.05,2,0
13,45.43,-119.91,2,18
0,19.43,-123.85,0,28
20,46.91,-111.01,2,1
48,31.62,-121.11,2,0
17,48.28,-93.25,2,19
22,36.15,-113.91,2,0
39,21.0,-97.84,0,23
44,33.57,-112.64,2,6
0,35.91,-156.34,0,28
5,41.46,-107.42,0,17
31,20.11,-89.78,2,13
32,19.79,-89.3,2,14
31,62.83,-88.13,2,13
6,30.02,-84.6,2,0
50,26.15,-108.55,2,26
24,42.46,-87.61,2,12
43,40.73,-81.12,1,20
38,48.47,-81.55,2,19
27,19.32,-77.0,2,19
42,19.85,-96.58,2,20
13,28.14,-155.83,2,18
45,37.53,-103.56,2,19
2,29.48,-88.79,1,20
5,32.17,-112.27,0,17
23,38.77,-123.89,2,10
50,48.84,-106.63,2,26
40,35.61,-87.14,2,8
29,29.8,-123.37,2,26
48,34.6,-106.32,2,0
44,41.73,-77.42,2,6
39,41.47,-105.5,2,23
41,30.87,-101.37,2,24
34,38.63,-103.69,2,12
32,21.95,-103.91,0,14
30,45.36,-119.96,2,22
29,48.45,-92.2,2,26
33,29.3,-91.52,2,18
43,41.57,-118.99,1,20
15,39.45,-101.18,2,19
11,41.53,-71.75,1,15
41,39.38,-106.49,0,24
16,28.35,-79.92,2,26
12,19.34,-105.39,2,13
21,29.16,-68.81,2,9
21,65.74,-103.64,2,9
32,19.75,-84.24,2,14
6,44.85,-78.07,2,0
6,41.87,-82.63,2,0
37,31.35,-71.99,2,26
50,68.93,-98.61,2,26
40,30.91,-87.23,2,8
8,37.31,-82.26,2,11
16,48.76,-78.71,2,26
46,38.58,-124.08,2,16
15,35.02,-75.12,2,19
21,44.93,-121.58,2,9
22,28.89,-113.51,2,0
24,60.62,-104.42,2,12
17,28.43,-116.39,2,19
6,39.08,-116.94,2,0
11,22.02,-114.87,1,15
24,29.88,-115.18,2,12
16,44.51,-119.81,2,26
2,33.24,-96.28,1,20
43,62.83,-103.75,1,20
37,48.85,-103.23,2,26
44,65.34,-113.45,2,6
13,36.9,-118.42,2,18
20,38.67,-122.8,2,1
21,19.64,-80.35,2,9
32,35.81,-97.63,2,14
40,37.84,-86.34,2,8
39,29.21,-94.17,2,23
42,67.86,-155.9,1,20
27,48.32,-87.32,2,19
37,43.76,-101.17,2,26
16,26.73,-76.7,2,26
49,37.43,-82.56,2,19
20,19.62,-120.36,2,1
29,63.73,-106.15,2,26
18,31.65,-100.46,2,3
3,44.63,-109.16,2,5
42,43.66,-69.13,1,20
11,44.97,-91.46,1,15
32,29.78,-114.88,0,14
24,64.77,-68.21,2,12
2,31.69,-99.61,1,20
27,47.18,-76.06,2,19
20,44.16,-75.02,2,1
40,25.88,-108.22,2,8
8,62.38,-85.38,2,11
45,27.36,-116.57,2,19
42,44.36,-75.1,1,20
28,29.52,-117.89,2,26
31,47.76,-114.33,2,13
37,31.83,-97.18,2,26
50,45.7,-90.28,2,26
12,67.68,-85.94,1,13
28,37.96,-73.72,2,26
48,63.1,-70.72,2,0
30,35.58,-101.95,2,22
12,40.01,-99.63,2,13
10,41.78,-102.18,0,4
1,45.23,-88.95,2,29
40,37.73,-141.94,2,8
48,28.63,-110.06,2,0
38,39.86,-159.77,2,19
31,41.16,-79.87,2,13
30,41.62,-106.47,2,22
21,32.87,-118.2,2,9
19,41.15,-115.03,2,2
13,60.56,-102.02,1,18
14,28.96,-88.77,2,19
0,65.05,-106.91,0,28
0,42.36,-78.74,0,28
43,70.05,-98.6,1,20
24,39.2,-76.87,2,12
28,39.83,-75.73,2,26
5,33.34,-85.36,0,17
7,34.63,-77.14,1,21
9,69.97,-75.69,2,20
15,28.4,-117.44,2,19
10,27.78,-119.58,2,4
7,32.8,-146.96,1,21
46,40.77,-121.67,1,16
46,46.17,-88.61,2,16
5,62.81,-114.84,2,17
20,33.65,-123.72,2,1
46,41.91,-94.21,2,16
41,44.49,-91.26,2,24
42,35.59,-80.56,1,20
46,47.15,-95.05,0,16
16,65.62,-121.91,2,26
3,40.63,-109.96,0,5
47,42.55,-106.03,2,27
0,30.7,-111.62,0,28
38,32.79,-106.54,2,19
46,37.7,-112.75,1,16
49,29.78,-155.98,2,19
50,28.4,-84.43,2,26
36,27.86,-69.17,2,25
20,28.43,-108.9,0,1
1,41.3,-159.43,2,29
45,29.54,-94.58,2,19
32,39.1,-134.48,2,14
43,27.11,-114.52,1,20
8,46.62,-108.17,2,11
28,47.81,-109.55,2,26
17,35.64,-153.34,0,19
42,34.68,-118.04,1,20
36,62.3,-90.85,2,25
22,27.02,-158.7,2,0
44,45.88,-103.06,2,6
43,57.11,-70.92,1,20
36,31.75,-122.89,2,25
10,31.11,-99.68,2,4
14,48.23,-154.63,2,19
38,48.41,-93.71,2,19
11,40.64,-102.81,1,15
15,42.56,-80.29,2,19
31,32.33,-155.83,2,13
0,44.49,-68.55,0,28
45,39.94,-100.86,2,19
38,38.09,-85.33,2,19
48,30.98,-156.2,2,0
0,29.12,-109.84,0,28
47,47.26,-97.35,2,27
0,66.55,-156.31,0,28
14,26.48,-82.23,2,19
16,46.86,-100.85,2,26
18,43.05,-113.41,1,3
19,33.09,-81.28,2,2
32,63.46,-107.22,2,14
35,46.95,-121.68,2,19
30,30.38,-107.0,2,22
40,37.02,-88.86,2,8
15,36.73,-154.12,2,19
49,60.2,-81.52,2,19
35,66.05,-101.78,2,19
25,34.43,-68.89,1,20
33,40.49,-97.98,2,18
39,55.43,-85.69,0,23
11,44.88,-74.69,1,15
41,45.83,-68.42,2,24
2,65.5,-155.14,1,20
3,32.87,-92.48,2,5
22,44.09,-105.98,2,0
23,27.31,-102.41,2,10
47,41.48,-100.96,2,27
35,37.36,-96.29,2,19
26,32.12,-108.71,2,26
19,32.45,-96.86,0,2
38,38.25,-76.72,2,19
41,66.48,-77.33,2,24
48,66.8,-87.74,2,0
36,32.62,-120.02,2,25
7,26.02,-123.38,0,21
10,31.62,-74.07,2,4
28,35.94,-108.84,2,26
15,44.38,-99.26,2,19
30,21.3,-84.41,2,22
40,48.12,-111.97,2,8
4,38.09,-116.96,2,7
8,41.53,-121.12,2,11
46,31.63,-85.96,2,16
43,58.69,-91.01,1,20
10,30.41,-88.23,2,4
50,47.43,-121.46,2,26
21,42.14,-79.56,2,9
17,36.29,-70.37,2,19
11,35.81,-74.54,1,15
47,31.23,-108.18,2,27
17,29.6,-112.75,2,19
5,38.24,-73.86,0,17
3,19.06,-104.39,2,5
27,37.83,-101.87,2,19
45,40.94,-100.83,2,19
33,40.39,-99.76,2,18
25,35.25,-95.18,2,20
35,38.36,-86.75,2,19
26,45.22,-120.32,2,26
35,35.63,-75.19,2,19
3,38.93,-110.45,2,5
36,62.69,-70.23,2,25
18,32.23,-78.23,1,3
32,44.54,-158.67,2,14
10,47.49,-80.23,2,4
46,41.16,-97.68,2,16
46,30.7,-102.55,0,16
3,29.64,-152.86,2,5
31,29.12,-96.41,1,13
19,66.89,-86.68,2,2
15,38.67,-115.76,2,19
33,69.97,-78.47,2,18
36,40.8,-155.92,2,25
1,64.91,-74.02,2,29
0,67.61,-106.8,0,28
27,60.6,-73.12,2,19
39,64.91,-94.66,2,23
18,68.96,-73.72,1,3
38,33.77,-108.08,2,19
3,21.41,-81.84,2,5
44,65.51,-86.96,2,6
17,36.16,-71.56,2,19
34,44.19,-91.45,2,12
7,41.07,-93.92,2,21
10,70.54,-93.09,2,4
29,34.18,-119.47,2,26
49,39.88,-96.07,2,19
14,62.56,-69.82,2,19
7,41.03,-67.86,0,21
45,31.4,-73.96,2,19
22,31.52,-67.88,2,0
41,31.91,-82.0,2,24
7,41.09,-105.54,2,21
32,43.85,-116.14,2,14
8,46.69,-87.48,0,11
36,48.59,-76.19,2,25
27,48.84,-69.92,2,19
28,26.84,-99.9,2,26
20,38.08,-105.73,2,1
49,39.74,-80.64,2,19
43,30.18,-71.0,1,20
45,47.26,-105.17,2,19
21,42.04,-75.63,2,9
19,31.27,-79.89,2,2
39,39.75,-116.17,0,23
23,25.72,-92.54,2,10
38,69.31,-82.65,2,19
25,32.69,-112.16,1,20
13,39.39,-85.28,2,18
8,60.2,-76.07,2,11
34,21.33,-104.49,2,12
26,20.74,-104.33,2,26
12,28.43,-71.15,2,13
0,31.79,-79.81,0,28
17,21.14,-80.04,2,19
18,31.29,-74.91,1,3
43,35.29,-103.19,1,20
10,38.08,-71.31,2,4
24,37.17,-102.73,2,12
24,37.96,-80.06,2,12
0,29.25,-106.69,0,28
29,61.16,-112.09,2,26
18,47.03,-74.62,1,3
13,37.39,-115.75,2,18
2,48.46,-100.96,1,20
25,27.3,-86.13,1,20
39,48.51,-88.54,1,23
15,40.97,-88.07,2,19
50,45.88,-106.82,2,26
29,21.37,-99.54,2,26
36,36.51,-91.73,0,25
19,62.31,-102.07,2,2
9,34.92,-104.03,1,20
42,33.58,-84.0,1,20
0,32.71,-74.26,0,28
8,45.67,-75.31,0,11
37,37.44,-111.94,2,26
1,31.81,-102.01,2,29
42,19.49,-90.14,1,20
17,70.54,-159.63,2,19
14,47.25,-108.62,2,19
19,60.2,-72.84,2,2
41,46.01,-141.68,2,24
10,48.56,-116.77,2,4
35,38.74,-112.28,2,19
40,68.09,-104.68,2,8
35,39.51,-108.06,2,19
5,19.03,-113.64,2,17
22,42.02,-85.52,2,0
43,37.55,-67.99,1,20
41,36.21,-94.6,2,24
45,34.92,-123.89,2,19
44,42.71,-107.35,2,6
40,33.14,-101.04,2,8
16,48.64,-98.42,2,26
31,41.5,-108.26,2,13
45,28.26,-83.23,2,19
40,30.79,-84.89,2,8
16,31.11,-107.09,2,26
36,48.8,-116.97,2,25
35,30.95,-77.75,2,19
31,48.04,-88.57,0,13
42,34.43,-84.43,1,20
40,67.95,-81.49,2,8
27,27.99,-93.32,2,19
50,27.48,-114.35,2,26
21,22.05,-108.77,2,9
41,29.68,-120.57,2,24
8,42.18,-106.03,0,11
20,44.66,-104.06,0,1
42,45.61,-101.79,1,20
48,46.12,-84.34,2,0
35,32.77,-80.62,2,19
42,35.22,-155.91,2,20
11,27.45,-89.22,1,15
22,60.26,-73.51,2,0
46,28.22,-92.67,2,16
44,43.17,-111.84,2,6
17,35.55,-81.32,2,19
25,21.3,-80.68,1,20
18,31.63,-90.14,1,3
49,40.2,-74.09,2,19
0,66.82,-106.27,0,28
9,60.56,-72.47,1,20
26,60.62,-116.7,2,26
9,43.66,-79.36,2,20
15,39.48,-81.93,2,19
50,61.47,-105.84,2,26
4,32.39,-156.18,2,7
41,47.13,-76.04,2,24
26,38.82,-100.55,2,26
1,42.24,-86.67,2,29
41,42.6,-81.27,2,24
49,34.69,-82.91,2,19
2,30.87,-105.99,1,20
42,68.42,-84.5,1,20
12,25.66,-70.57,2,13
43,66.56,-115.26,1,20
13,19.01,-116.33,2,18
9,35.49,-108.74,1,20
26,64.18,-75.0,2,26
33,38.25,-83.53,2,18
1,35.29,-119.23,0,29
30,26.93,-90.42,2,22
50,26.3,-110.91,2,26
19,45.62,-81.14,0,2
7,38.91,-80.04,2,21
1,26.47,-123.37,0,29
19,31.62,-88.39,2,2
46,43.73,-142.46,2,16
1,40.85,-104.01,2,29
29,29.87,-114.31,2,26
19,42.48,-91.26,2,2
18,31.75,-86.88,1,3
20,22.2,-111.77,2,1
43,31.73,-86.45,1,20
3,36.08,-86.52,2,5
41,31.29,-112.09,2,24
14,34.69,-90.42,2,19
1,65.82,-69.26,2,29
37,39.35,-158.48,2,26
26,45.89,-114.9,2,26
43,49.0,-92.7,1,20
5,34.9,-86.6,1,17
18,30.62,-107.76,2,3
32,47.99,-122.14,2,14
24,40.14,-70.19,2,12
20,46.86,-74.41,2,1
42,39.93,-109.2,2,20
13,45.64,-98.98,2,18
3,43.85,-156.88,2,5
6,30.04,-81.51,2,0
13,45.87,-71.98,2,18
44,29.06,-76.49,2,6
3,34.33,-116.64,2,5
6,30.48,-105.31,2,0
25,29.92,-79.96,1,20
29,45.68,-93.88,2,26
13,32.63,-72.2,2,18
15,31.78,-123.18,2,19
11,40.43,-89.86,0,15
24,27.42,-122.6,2,12
37,65.05,-83.79,2,26
47,36.76,-106.52,2,27
35,41.64,-83.87,2,19
41,35.9,-72.29,2,24
41,68.75,-107.65,0,24
10,34.31,-86.09,2,4
15,38.43,-79.03,2,19
12,38.12,-79.54,2,13
13,44.5,-76.49,2,18
36,44.75,-123.89,2,25
28,31.81,-79.68,2,26
41,46.29,-67.66,0,24
31,42.83,-106.54,2,13
29,22.05,-102.18,2,26
21,46.23,-103.65,2,9
33,29.49,-72.48,1,18
42,38.76,-113.71,1,20
26,42.27,-110.62,2,26
39,20.88,-110.2,0,23
8,34.43,-111.84,2,11
30,34.03,-116.08,0,22
32,65.34,-113.96,2,14
23,33.21,-79.92,2,10
19,48.67,-85.31,0,2
33,41.89,-105.97,2,18
3,44.24,-124.41,2,5
7,47.52,-79.04,0,21
36,34.71,-112.41,2,25
42,42.41,-73.55,1,20
5,30.39,-77.34,2,17
26,48.36,-113.47,2,26
48,28.86,-100.22,1,0
12,40.17,-116.94,2,13
15,32.97,-83.99,2,19
32,19.36,-163.09,2,14
25,33.61,-82.08,1,20
20,26.58,-74.11,2,1
8,36.12,-106.95,0,11
40,19.14,-155.08,0,8
45,38.76,-92.59,2,19
44,19.6,-111.26,0,6
20,21.11,-73.33,2,1
48,19.46,-84.43,2,0
19,33.78,-112.74,2,2
1,40.13,-116.03,1,29
41,45.23,-78.4,2,24
18,28.04,-114.37,1,3
33,36.3,-96.33,2,18
22,37.72,-117.58,2,0
25,31.07,-156.01,1,20
50,48.03,-116.36,2,26
30,26.14,-116.84,2,22
32,48.24,-120.27,2,14
8,38.69,-106.44,2,11
20,69.97,-91.26,2,1
25,32.48,-95.81,1,20
25,30.31,-164.33,1,20
9,48.88,-98.2,1,20
41,32.23,-156.01,0,24
2,29.7,-80.77,1,20
33,33.36,-121.39,2,18
10,28.89,-120.27,2,4
38,22.19,-84.67,2,19
7,35.67,-164.3,2,21
32,33.92,-99.14,2,14
24,57.21,-82.71,2,12
36,44.74,-80.0,2,25
1,20.11,-94.1,2,29
15,25.53,-90.02,2,19
14,68.96,-77.54,2,19
11,47.53,-86.06,1,15
50,47.23,-105.02,2,26
43,19.05,-81.38,1,20
1,47.8,-155.0,2,29
0,37.47,-101.84,0,28
22,21.33,-115.0,2,0
50,30.18,-106.97,2,26
12,48.4,-74.7,2,13
7,27.88,-95.21,2,21
5,48.75,-114.03,2,17
14,41.32,-70.37,2,19
14,35.06,-114.03,2,19
17,38.63,-87.81,2,19
13,39.05,-88.13,2,18
47,41.27,-74.73,2,27
22,46.53,-73.33,2,0
4,30.41,-116.21,2,7
11,63.34,-85.32,1,15
13,48.46,-114.91,2,18
24,36.09,-93.98,2,12
29,19.26,-98.36,2,26
26,47.23,-89.0,2,26
38,60.47,-86.8,2,19
50,19.31,-122.01,2,26
16,44.5,-72.45,2,26
48,48.14,-69.83,2,0
46,36.11,-111.28,2,16
45,31.63,-90.39,2,19
27,56.8,-132.74,2,19
14,67.0,-123.12,2,19
38,42.32,-96.59,2,19
17,31.02,-89.01,2,19
28,68.02,-99.32,2,26
0,48.01,-79.04,0,28
4,28.48,-104.2,2,7
46,66.23,-155.86,0,16
44,41.95,-111.03,2,6
46,34.61,-104.59,2,16
0,40.38,-104.35,0,28
6,40.59,-122.45,2,0
14,31.6,-110.78,2,19
17,65.38,-156.19,2,19
35,60.22,-86.85,2,19
19,42.15,-157.07,2,2
48,66.21,-121.82,2,0
27,42.84,-77.21,2,19
1,42.42,-85.42,2,29
14,47.19,-82.77,2,19
39,44.85,-78.73,2,23
29,38.22,-111.0,2,26
45,37.05,-87.88,2,19
39,19.02,-112.74,2,23
8,32.94,-96.31,2,11
46,34.93,-72.75,2,16
13,47.03,-117.65,2,18
6,47.36,-92.98,2,0
14,47.06,-116.3,2,19
22,43.05,-72.5,2,0
30,68.67,-88.12,2,22
29,60.47,-83.18,2,26
9,31.97,-150.18,1,20
14,31.34,-89.4,2,19
43,29.9,-110.86,1,20
16,33.83,-83.54,2,26
11,26.67,-96.39,1,15
5,31.34,-92.15,2,17
9,30.22,-89.0,1,20
38,37.73,-68.71,2,19
20,48.01,-72.18,2,1
36,44.64,-81.24,0,25
24,38.43,-95.19,2,12
32,46.86,-98.23,2,14
35,48.69,-83.43,2,19
19,36.23,-94.07,2,2
42,27.16,-77.29,1,20
25,36.3,-83.33,1,20
27,37.2,-102.22,2,19
38,21.41,-71.46,2,19
46,61.47,-98.41,0,16
29,29.22,-111.12,2,26
1,41.32,-73.99,2,29
31,66.56,-100.21,2,13
38,41.66,-122.09,2,19
33,41.09,-105.44,2,18
2,46.75,-72.09,2,20
22,45.16,-72.06,2,0
21,45.14,-71.45,2,9
32,33.22,-104.38,2,14
34,36.88,-77.24,2,12
37,40.45,-107.0,2,26
4,44.74,-91.47,2,7
45,47.19,-88.74,2,19
8,36.87,-91.81,0,11
43,21.56,-119.29,1,20
42,21.63,-98.21,1,20
48,44.66,-89.6,2,0
34,32.21,-100.58,2,12
49,31.68,-93.59,2,19
18,37.35,-108.81,2,3
34,19.94,-76.69,2,12
33,46.6,-114.11,2,18
46,19.53,-84.83,2,16
2,34.47,-70.91,1,20
0,39.02,-77.37,0,28
18,66.02,-72.79,1,3
31,32.58,-81.0,2,13
33,26.6,-70.78,2,18
43,36.17,-74.65,1,20
21,37.67,-96.03,2,9
4,43.14,-76.68,2,7
34,37.84,-97.89,0,12
22,26.45,-79.99,2,0
41,19.42,-103.48,2,24
18,44.76,-70.86,1,3
37,33.7,-91.0,2,26
28,42.46,-96.92,2,26
22,40.68,-87.17,2,0
8,68.93,-119.92,2,11
32,60.45,-91.98,2,14
8,38.11,-76.0,2,11
46,35.45,-110.2,0,16
15,30.6,-164.72,2,19
12,41.0,-78.28,2,13
48,37.97,-84.25,2,0
7,27.24,-119.33,2,21
41,44.42,-75.7,0,24
17,62.28,-90.76,2,19
16,67.21,-92.49,2,26
35,35.39,-91.06,2,19
27,37.39,-111.9,2,19
15,39.73,-107.78,2,19
26,61.16,-115.44,2,26
41,44.71,-114.74,2,24
29,61.35,-104.83,2,26
28,26.84,-104.38,2,26
22,35.0,-73.08,2,0
13,21.95,-98.47,2,18
24,48.41,-117.26,2,12
5,48.74,-120.26,2,17
24,31.9,-79.7,2,12
10,27.5,-120.67,2,4
7,34.01,-75.49,2,21
36,20.24,-109.15,2,25
27,46.6,-94.28,2,19
18,39.01,-158.19,1,3
9,68.3,-119.46,1,20
4,57.3,-77.69,2,7
18,26.72,-112.14,1,3
39,37.75,-114.31,2,23
13,63.4,-160.05,2,18
34,69.46,-104.5,2,12
6,42.73,-88.82,2,0
3,38.25,-121.14,0,5
21,63.46,-102.6,2,9
14,36.39,-103.58,2,19
48,45.35,-80.22,2,0
14,33.93,-91.35,2,19
3,19.43,-79.2,2,5
40,64.93,-108.05,2,8
7,32.7,-102.85,2,21
12,36.06,-67.84,2,13
39,28.11,-67.89,2,23
9,41.27,-101.69,1,20
26,41.14,-85.83,2,26
14,45.86,-161.48,2,19
21,43.88,-111.78,2,9
13,48.55,-122.39,2,18
20,39.29,-73.41,2,1
14,30.33,-120.59,2,19
27,26.39,-78.52,2,19
39,31.19,-76.12,2,23
33,29.3,-111.83,2,18
20,34.15,-116.6,2,1
18,69.06,-75.0,1,3
15,41.18,-73.71,2,19
40,46.56,-77.52,2,8
20,38.29,-98.19,2,1
34,63.76,-87.8,2,12
27,26.3,-86.83,2,19
13,48.27,-119.05,2,18
50,26.36,-117.57,2,26
0,19.4,-152.19,0,28
23,67.89,-158.21,2,10
22,19.86,-71.88,2,0
47,48.86,-93.91,2,27
30,27.5,-79.41,2,22
35,27.18,-70.68,2,19
37,44.76,-69.57,2,26
25,67.74,-68.3,1,20
27,21.99,-105.61,2,19
2,65.46,-75.07,1,20
39,27.13,-103.16,0,23
50,40.32,-74.44,2,26
25,65.92,-116.09,1,20
0,68.89,-114.87,0,28
17,30.08,-96.87,2,19
23,36.62,-113.6,0,10
47,48.39,-106.83,2,27
32,31.8,-75.03,1,14
27,19.98,-78.68,2,19
11,43.92,-83.9,1,15
10,33.44,-122.94,2,4
16,19.44,-96.14,2,26
41,35.05,-92.25,2,24
45,19.44,-119.65,2,19
13,62.22,-86.73,2,18
32,32.31,-107.21,1,14
37,45.56,-78.91,2,26
39,64.82,-108.8,0,23
30,19.97,-90.81,0,22
3,32.62,-95.61,2,5
21,41.6,-97.84,2,9
13,34.39,-108.95,2,18
23,47.25,-68.19,0,10
1,32.46,-105.73,2,29
22,36.44,-111.63,2,0
21,68.41,-98.41,2,9
28,26.93,-106.23,2,26
3,37.6,-93.92,2,5
11,48.89,-84.63,1,15
26,47.51,-67.62,2,26
14,40.91,-80.22,2,19
24,37.69,-75.34,2,12
16,26.47,-120.57,2,26
9,68.67,-78.15,1,20
31,48.74,-112.06,2,13
1,31.5,-87.95,2,29
23,59.57,-82.51,2,10
20,29.18,-92.09,2,1
43,40.9,-101.33,1,20
50,42.1,-90.76,2,26
43,35.47,-81.68,1,20
40,37.38,-82.46,2,8
6,28.81,-108.64,2,0
44,47.82,-107.23,2,6
49,30.72,-157.32,2,19
17,47.82,-82.37,2,19
27,37.98,-88.36,2,19
16,44.57,-124.4,2,26
21,60.6,-77.26,2,9
48,44.25,-81.82,2,0
32,30.47,-82.25,2,14
7,31.75,-76.25,0,21
5,48.72,-114.32,2,17
20,57.87,-101.69,0,1
13,40.21,-96.31,2,18
29,48.14,-155.59,2,26
2,31.75,-102.6,1,20
50,40.55,-102.27,2,26
18,60.34,-155.38,1,3
30,65.37,-68.74,2,22
27,48.86,-101.45,2,19
18,21.29,-92.0,1,3
14,70.33,-111.44,2,19
44,68.86,-74.08,2,6
36,46.45,-121.75,2,25
4,33.37,-106.04,0,7
35,38.12,-123.32,2,19
13,31.15,-115.41,2,18
47,37.09,-113.85,2,27
2,43.17,-67.88,1,20
20,19.68,-70.76,2,1
33,64.25,-104.89,2,18
44,29.59,-69.32,2,6
40,62.86,-116.72,1,8
50,26.76,-105.62,2,26
5,43.04,-74.35,2,17
47,27.72,-114.43,2,27
19,61.84,-109.74,0,2
37,35.5,-120.3,2,26
8,38.47,-92.69,2,11
48,30.3,-111.4,2,0
11,30.49,-117.34,1,15
43,58.8,-79.69,1,20
9,26.71,-87.74,1,20
3,42.85,-86.31,2,5
8,38.57,-98.4,2,11
49,48.1,-81.72,2,19
30,46.29,-104.77,2,22
43,37.69,-81.04,1,20
12,67.52,-151.8,2,13
13,44.13,-90.67,2,18
15,68.89,-118.47,2,19
39,48.59,-83.69,2,23
36,32.38,-109.06,2,25
20,33.59,-110.63,2,1
47,38.21,-107.77,2,27
16,46.05,-96.98,2,26
18,25.47,-109.75,2,3
2,47.21,-99.23,1,20
37,30.69,-91.17,2,26
18,65.6,-117.93,1,3
15,41.94,-90.47,2,19
37,67.03,-116.49,2,26
18,28.24,-78.66,1,3
28,19.23,-117.12,2,26
32,36.54,-159.53,2,14
27,45.69,-71.12,2,19
31,19.2,-121.3,2,13
22,31.32,-91.67,2,0
30,29.64,-97.94,2,22
29,25.65,-99.57,2,26
9,32.77,-73.78,1,20
16,45.8,-77.34,2,26
27,36.71,-76.35,2,19
23,44.85,-156.35,0,10
46,35.03,-112.88,1,16
36,32.47,-151.4,0,25
5,33.06,-96.84,2,17
22,32.44,-68.78,2,0
44,39.76,-110.61,2,6
14,20.88,-78.85,2,19
28,67.38,-122.38,2,26
13,35.68,-103.51,2,18
45,35.31,-73.96,2,19
1,65.82,-100.88,2,29
28,25.83,-82.77,2,26
21,31.3,-122.63,2,9
43,40.23,-122.84,1,20
43,30.15,-111.55,1,20
4,46.3,-100.4,2,7
7,66.57,-119.58,0,21
34,27.32,-91.39,2,12
16,31.29,-88.07,2,26
16,31.39,-87.54,2,26
8,68.27,-72.73,2,11
45,39.5,-73.21,2,19
30,28.18,-76.25,2,22
40,39.46,-68.14,2,8
21,21.62,-88.55,2,9
34,42.8,-85.8,2,12
20,67.5,-93.31,2,1
34,29.57,-120.68,2,12
19,47.17,-97.09,2,2
48,36.23,-99.86,2,0
1,45.19,-85.8,2,29
26,31.33,-87.04,2,26
31,44.46,-99.68,2,13
0,35.91,-100.75,0,28
27,20.9,-88.37,2,19
48,59.97,-108.4,2,0
33,41.82,-106.08,2,18
2,27.78,-88.09,2,20
4,21.62,-110.63,2,7
5,63.57,-105.05,2,17
3,66.98,-100.74,2,5
9,42.13,-88.35,1,20
1,44.72,-77.5,2,29
34,35.89,-150.14,2,12
17,47.02,-79.89,2,19
42,35.53,-144.71,1,20
12,47.2,-116.88,2,13
25,68.92,-84.51,1,20
13,19.34,-103.45,2,18
24,19.85,-120.36,2,12
31,35.54,-109.55,2,13
12,56.31,-78.66,2,13
7,37.17,-112.28,2,21
7,37.47,-112.87,0,21
40,41.34,-134.74,2,8
40,28.25,-115.25,2,8
48,37.14,-83.84,2,0
23,43.49,-88.31,2,10
43,31.1,-114.91,1,20
46,31.82,-81.25,2,16
23,42.04,-80.88,2,10
20,48.97,-75.86,0,1
11,20.9,-110.2,1,15
20,46.49,-121.03,2,1
46,44.19,-119.56,2,16
1,32.77,-109.83,2,29
7,29.13,-105.19,2,21
8,26.71,-91.78,2,11
5,62.28,-78.85,2,17
24,47.75,-96.15,2,12
22,41.97,-86.38,2,0
49,37.07,-85.92,2,19
8,67.35,-120.21,2,11
4,37.63,-77.01,2,7
10,43.64,-110.25,2,4
35,27.54,-122.45,2,19
11,28.96,-119.96,1,15
40,30.05,-155.92,1,8
43,45.22,-86.1,1,20
49,29.56,-92.86,2,19
42,31.6,-102.01,1,20
33,48.9,-95.97,2,18
36,36.06,-107.46,1,25
2,68.3,-97.47,1,20
48,21.16,-78.7,2,0
38,19.6,-110.43,2,19
24,36.68,-122.23,2,12
15,46.59,-89.27,2,19
21,19.55,-110.25,2,9
25,47.39,-102.04,1,20
40,67.89,-111.57,2,8
32,43.61,-105.99,2,14
42,66.56,-143.89,1,20
14,68.78,-95.73,2,19
42,32.75,-83.02,1,20
30,19.98,-72.15,2,22
10,30.71,-120.64,2,4
1,46.3,-109.96,2,29
0,65.51,-79.53,0,28
22,41.52,-93.21,2,0
20,29.28,-72.13,2,1
16,42.74,-88.54,2,26
4,43.61,-118.73,2,7
43,32.19,-151.29,1,20
35,32.42,-147.29,2,19
14,28.35,-78.79,2,19
47,46.75,-67.39,0,27
31,28.68,-88.3,2,13
7,43.0,-122.46,2,21
36,58.69,-103.52,2,25
22,28.19,-101.22,2,0
41,43.94,-103.49,2,24
17,36.86,-83.85,2,19
48,34.61,-101.73,2,0
30,41.32,-120.59,2,22
43,45.61,-79.29,1,20
37,35.39,-74.09,2,26
21,41.41,-106.3,2,9
14,39.49,-83.85,2,19
32,29.56,-121.99,2,14
30,30.11,-110.43,2,22
3,48.19,-119.66,0,5
8,33.63,-81.86,0,11
4,30.91,-96.51,2,7
25,38.17,-84.24,1,20
15,47.79,-71.96,2,19
35,39.53,-82.74,2,19
49,42.23,-106.67,2,19
12,41.08,-106.3,2,13
19,69.86,-86.84,0,2
32,67.89,-153.49,2,14
3,29.83,-80.61,2,5
38,48.73,-89.88,2,19
7,30.0,-100.75,0,21
13,29.09,-89.15,2,18
26,68.29,-85.7,2,26
43,29.84,-86.9,2,20
36,45.25,-105.39,2,25
7,40.41,-78.59,1,21
16,41.65,-87.56,2,26
40,32.24,-72.82,0,8
46,45.52,-161.67,2,16
23,42.89,-111.06,2,10
33,21.1,-69.63,2,18
36,34.56,-101.25,2,25
6,19.4,-103.01,2,0
14,37.71,-81.48,2,19
32,60.45,-77.94,2,14
5,32.56,-107.25,1,17
26,38.73,-101.08,2,26
16,28.57,-82.95,2,26
47,46.63,-108.87,2,27
45,37.31,-96.41,2,19
16,46.11,-114.44,2,26
4,41.12,-106.21,0,7
7,44.86,-150.97,2,21
33,39.71,-76.41,2,18
27,61.73,-114.83,2,19
43,36.02,-67.89,1,20
30,27.58,-104.04,2,22
18,30.05,-102.31,1,3
27,20.9,-100.19,2,19
38,39.76,-111.48,2,19
22,33.89,-106.2,2,0
50,43.19,-121.99,2,26
1,34.83,-120.01,2,29
44,43.2,-70.23,2,6
41,19.11,-115.59,2,24
4,36.44,-116.68,2,7
40,29.06,-72.43,2,8
41,43.96,-92.27,2,24
8,61.57,-113.37,2,11
15,41.25,-104.43,2,19
35,32.93,-102.35,2,19
38,29.11,-94.09,2,19
32,37.19,-93.95,0,14
34,48.67,-95.57,2,12
27,36.79,-85.33,2,19
10,62.71,-96.11,2,4
50,36.29,-88.3,2,26
12,32.26,-89.47,2,13
17,47.45,-109.73,2,19
31,34.4,-80.83,2,13
42,39.02,-73.2,1,20
15,26.17,-78.37,2,19
21,31.8,-78.71,0,9
9,68.27,-90.75,1,20
17,40.58,-87.06,2,19
16,63.53,-81.63,2,26
39,19.92,-93.83,2,23
15,37.95,-99.96,2,19
3,46.72,-99.09,2,5
38,29.56,-100.61,2,19
35,42.31,-87.3,2,19
32,35.35,-96.93,2,14
48,43.41,-93.28,2,0
2,33.55,-101.99,1,20
12,27.24,-92.83,2,13
21,36.11,-114.45,2,9
1,46.52,-87.62,2,29
6,19.11,-111.49,2,0
17,48.21,-85.14,2,19
42,29.6,-107.58,1,20
7,36.85,-100.71,0,21
30,38.19,-102.02,2,22
47,48.07,-90.8,2,27
15,41.21,-87.74,2,19
36,65.62,-82.96,2,25
23,38.99,-73.45,0,10
14,37.62,-141.68,2,19
26,19.05,-72.67,2,26
4,34.26,-73.72,2,7
23,31.05,-154.3,2,10
21,38.24,-68.71,2,9
47,30.19,-79.0,2,27
43,70.39,-74.59,2,20
33,33.39,-97.43,2,18
27,37.46,-89.08,2,19
33,65.38,-113.49,2,18
46,25.86,-115.09,2,16
26,48.9,-94.64,2,26
17,26.81,-155.82,2,19
20,27.36,-110.34,2,1
18,36.23,-75.83,2,3
12,40.12,-117.91,2,13
43,29.05,-80.18,1,20
22,45.04,-111.52,2,0
40,46.13,-116.87,0,8
49,38.36,-113.96,2,19
41,29.24,-73.68,2,24
50,40.6,-100.03,2,26
32,30.79,-97.84,2,14
19,42.49,-86.56,0,2
36,27.03,-89.87,2,25
16,21.63,-92.12,2,26
36,30.11,-93.48,2,25
15,40.37,-89.21,2,19
14,36.66,-122.24,2,19
38,34.78,-82.18,2,19
33,25.47,-100.56,2,18
47,40.25,-91.54,0,27
22,44.66,-88.54,2,0
21,21.49,-87.77,2,9
24,68.09,-101.96,2,12
44,61.5,-118.31,2,6
34,45.04,-90.3,2,12
1,34.55,-111.06,2,29
25,29.91,-88.33,1,20
17,27.24,-98.36,2,19
34,67.43,-105.22,2,12
27,39.64,-80.5,2,19
23,32.86,-108.42,2,10
43,30.79,-101.39,1,20
12,48.65,-156.29,2,13
1,38.44,-102.6,2,29
41,46.5,-100.27,2,24
40,47.71,-85.44,2,8
22,34.25,-81.79,2,0
1,19.4,-94.04,2,29
44,39.6,-101.54,2,6
12,44.19,-74.74,2,13
15,45.18,-74.44,2,19
15,22.2,-93.54,2,19
31,46.82,-74.95,2,13
49,62.56,-108.06,2,19
15,38.31,-81.48,2,19
28,47.91,-155.22,2,26
48,20.88,-83.83,2,0
11,43.99,-76.98,1,15
19,42.08,-112.71,2,2
9,26.47,-73.67,1,20
44,45.63,-124.08,2,6
37,33.97,-98.68,2,26
2,62.77,-105.79,1,20
39,30.14,-71.38,2,23
6,29.23,-111.25,2,0
46,30.33,-85.26,0,16
5,43.43,-104.33,2,17
43,41.43,-90.92,2,20
46,33.29,-119.01,2,16
27,31.35,-92.07,2,19
15,35.35,-110.71,2,19
23,66.82,-71.42,0,10
47,28.76,-155.17,2,27
2,35.11,-81.92,1,20
30,43.61,-78.28,2,22
18,34.17,-119.98,1,3
28,66.98,-97.45,2,26
12,40.13,-112.86,2,13
35,64.02,-91.31,2,19
30,30.49,-99.83,2,22
30,47.57,-75.45,0,22
38,67.52,-161.1,2,19
4,39.69,-73.31,2,7
5,32.2,-108.42,2,17
23,47.5,-113.4,2,10
34,36.85,-102.74,2,12
17,37.19,-67.33,2,19
33,29.7,-71.33,2,18
44,40.29,-99.08,2,6
46,61.2,-75.46,2,16
3,65.23,-98.15,2,5
6,44.83,-68.28,2,0
7,28.4,-115.36,2,21
29,35.43,-92.7,0,26
41,43.28,-105.59,2,24
4,28.24,-83.4,2,7
43,28.15,-108.07,2,20
11,47.07,-69.29,1,15
14,35.97,-79.03,2,19
35,38.3,-80.39,2,19
20,39.6,-84.25,2,1
3,39.91,-75.86,2,5
0,45.62,-94.8,0,28
1,44.91,-86.91,2,29
3,38.61,-105.99,0,5
28,43.11,-102.7,2,26
7,20.06,-97.97,0,21
16,40.63,-69.61,2,26
45,64.6,-108.75,2,19
18,45.91,-88.98,1,3
5,43.77,-82.43,2,17
27,28.12,-93.77,2,19
14,36.79,-81.09,2,19
3,43.15,-84.36,2,5
42,36.27,-88.73,1,20
23,47.23,-75.37,2,10
30,70.39,-90.67,2,22
35,41.6,-89.18,2,19
29,27.65,-115.0,2,26
40,37.08,-68.09,2,8
6,45.26,-77.23,2,0
35,41.19,-105.34,2,19
40,34.5,-88.88,2,8
46,66.09,-94.68,0,16
38,67.28,-120.93,2,19
8,64.48,-114.63,0,11
19,44.24,-92.63,2,2
12,35.72,-148.24,2,13
39,34.17,-71.68,2,23
46,41.29,-157.75,2,16
24,31.45,-85.65,2,12
45,35.01,-83.06,2,19
31,42.37,-117.17,2,13
3,28.06,-115.98,2,5
20,47.8,-113.04,0,1
11,34.34,-122.85,1,15
21,33.45,-70.96,2,9
49,41.68,-146.75,2,19
40,31.81,-70.07,2,8
45,33.7,-86.64,2,19
6,48.64,-95.31,2,0
32,34.91,-104.95,2,14
10,48.5,-107.71,2,4
35,68.36,-123.32,2,19
48,41.31,-156.34,2,0
39,68.36,-101.72,2,23
45,40.92,-87.97,0,19
34,62.38,-91.92,2,12
22,35.66,-75.11,2,0
33,63.37,-100.26,2,18
34,31.37,-115.88,2,12
42,37.21,-99.03,1,20
35,40.88,-76.35,2,19
47,47.31,-117.22,2,27
17,31.74,-116.26,2,19
50,19.14,-95.94,2,26
11,43.24,-72.58,1,15
22,60.12,-95.27,2,0
44,40.18,-158.8,2,6
3,46.8,-69.63,2,5
47,34.64,-108.56,0,27
7,47.6,-96.75,2,21
32,29.53,-117.35,1,14
8,20.78,-120.72,2,11
30,27.52,-114.16,2,22
14,31.44,-131.53,2,19
49,28.43,-85.99,2,19
40,62.28,-70.34,0,8
11,39.21,-155.38,1,15
6,43.97,-84.03,2,0
34,25.66,-121.14,2,12
0,62.69,-163.37,0,28
35,29.18,-85.09,2,19
30,56.0,-70.03,0,22
11,45.9,-91.86,1,15
46,19.69,-123.52,2,16
22,19.51,-79.23,2,0
21,45.27,-97.74,2,9
29,22.19,-84.06,2,26
13,28.02,-87.1,2,18
27,41.51,-94.15,2,19
20,44.21,-155.92,2,1
50,48.15,-80.47,2,26
18,45.22,-78.71,1,3
27,47.21,-102.7,2,19
30,31.54,-71.0,2,22
25,44.45,-110.6,1,20
17,35.76,-82.5,2,19
37,45.3,-92.65,2,26
28,37.43,-99.41,2,26
39,68.29,-121.58,1,23
3,36.41,-118.8,2,5
39,32.89,-75.17,0,23
25,31.33,-107.37,1,20
9,33.18,-111.79,2,20
20,48.16,-72.99,1,1
47,30.06,-139.94,2,27
43,35.18,-71.65,1,20
45,21.17,-94.14,2,19
19,29.24,-87.33,2,2
4,35.59,-99.13,2,7
46,65.74,-91.27,0,16
25,34.71,-118.94,1,20
34,32.84,-88.16,2,12
26,25.88,-76.61,2,26
37,43.55,-158.65,2,26
30,34.93,-83.3,2,22
14,41.49,-90.19,2,19
14,19.69,-80.62,2,19
14,21.91,-76.23,2,19
16,41.76,-96.28,2,26
25,36.63,-89.04,1,20
41,63.66,-97.71,2,24
44,67.28,-88.01,2,6
16,48.01,-76.65,2,26
43,33.86,-155.88,1,20
34,62.3,-83.15,2,12
50,19.14,-85.92,2,26
21,44.32,-116.24,2,9
6,35.83,-89.78,2,0
5,29.92,-107.79,2,17
22,46.08,-97.06,2,0
18,31.12,-92.01,1,3
41,64.6,-75.52,2,24
1,20.14,-92.53,2,29
17,42.27,-159.55,2,19
50,46.8,-157.28,2,26
12,63.2,-108.68,2,13
14,37.59,-87.19,2,19
3,34.26,-89.36,0,5
41,27.97,-119.5,0,24
47,42.2,-163.44,2,27
10,61.5,-107.06,2,4
21,39.26,-91.66,2,9
14,44.3,-85.77,2,19
43,31.65,-97.62,1,20
41,19.54,-89.55,2,24
20,48.19,-115.86,2,1
37,29.82,-105.21,2,26
43,27.45,-99.6,1,20
11,48.86,-112.16,1,15
11,38.55,-94.58,1,15
49,40.16,-80.57,2,19
21,47.75,-155.86,2,9
8,39.11,-158.07,2,11
46,30.94,-82.44,0,16
23,48.19,-116.3,2,10
7,42.31,-156.19,2,21
12,45.75,-96.12,2,13
44,37.91,-102.25,2,6
19,43.56,-85.43,1,2
25,47.96,-110.12,1,20
50,42.94,-149.26,2,26
33,43.17,-85.69,2,18
21,30.26,-100.45,0,9
14,33.07,-115.99,2,19
5,44.64,-82.72,2,17
30,38.15,-87.92,2,22
9,28.45,-91.21,1,20
19,27.97,-117.19,0,2
10,37.3,-115.12,2,4
18,30.87,-74.49,1,3
27,26.9,-104.23,2,19
26,60.26,-155.54,2,26
30,19.25,-95.32,0,22
14,47.26,-120.79,2,19
17,20.7,-79.98,2,19
0,62.79,-113.64,0,28
27,39.16,-71.01,2,19
50,43.57,-95.22,2,26
31,33.66,-101.16,2,13
36,43.97,-79.8,2,25
14,20.24,-72.71,2,19
20,60.8,-155.66,2,1
23,67.35,-120.16,0,10
47,45.25,-73.92,2,27
17,34.98,-99.44,2,19
41,29.49,-114.16,2,24
47,41.34,-94.62,2,27
37,33.4,-102.47,2,26
4,48.32,-116.2,0,7
36,21.18,-118.76,2,25
38,42.33,-79.93,2,19
0,27.18,-114.2,0,28
18,40.89,-83.91,2,3
5,46.81,-154.51,2,17
30,41.21,-77.24,2,22
0,30.08,-147.91,0,28
14,28.89,-103.06,2,19
30,26.14,-109.29,2,22
46,34.75,-95.02,2,16
37,31.43,-70.11,2,26
41,45.92,-110.45,0,24
50,63.24,-93.91,0,26
22,46.6,-111.27,2,0
0,66.98,-109.22,0,28
11,33.29,-99.44,1,15
37,19.12,-112.57,2,26
35,37.92,-121.84,2,19
49,32.32,-86.93,2,19
2,48.63,-103.19,1,20
6,32.4,-85.71,2,0
16,29.61,-148.68,2,26
17,40.85,-84.76,2,19
5,42.9,-104.98,2,17
4,19.99,-96.15,2,7
8,62.38,-114.34,2,11
8,21.57,-83.74,2,11
14,40.33,-80.17,2,19
15,35.13,-115.63,0,19
14,37.69,-90.3,1,19
43,62.69,-101.95,1,20
2,65.94,-98.64,2,20
30,38.77,-91.28,0,22
15,61.72,-94.85,2,19
25,30.91,-96.18,1,20
20,34.65,-97.73,2,1
37,44.82,-121.49,2,26
46,46.07,-97.7,2,16
26,45.14,-116.81,2,26
7,21.55,-70.19,0,21
24,37.64,-159.45,2,12
43,34.87,-71.32,1,20
41,43.17,-107.34,2,24
47,67.35,-102.52,2,27
16,40.19,-90.72,2,26
27,47.05,-150.97,2,19
18,48.74,-111.8,1,3
12,45.28,-81.3,2,13
1,34.44,-82.04,2,29
30,42.16,-113.5,2,22
50,46.62,-118.39,2,26
33,33.87,-98.61,2,18
38,38.32,-83.68,2,19
2,19.01,-104.59,1,20
6,28.7,-78.9,2,0
27,65.5,-86.27,2,19
6,39.45,-115.69,2,0
25,33.94,-100.89,2,20
25,36.36,-76.6,1,20
5,31.33,-78.4,2,17
2,36.03,-116.69,2,20
43,37.73,-93.69,1,20
48,21.53,-121.16,2,0
32,19.69,-96.98,1,14
6,48.5,-83.85,2,0
5,40.42,-103.09,2,17
25,69.4,-90.22,2,20
1,39.43,-85.9,2,29
29,36.32,-117.69,2,26
49,36.83,-109.83,2,19
6,41.95,-97.03,2,0
38,40.27,-83.32,2,19
5,60.6,-119.56,0,17
2,35.45,-155.35,1,20
28,30.89,-93.78,2,26
9,20.18,-119.75,1,20
47,48.39,-112.78,0,27
25,30.41,-117.5,1,20
45,21.41,-156.91,2,19
2,32.44,-86.21,1,20
40,30.99,-81.08,2,8
30,20.92,-72.36,2,22
35,36.93,-78.49,2,19
23,41.39,-69.69,2,10
4,47.95,-155.27,2,7
39,42.81,-84.34,2,23
40,28.46,-70.89,2,8
6,32.26,-111.92,2,0
21,66.25,-72.63,2,9
26,31.62,-102.79,2,26
8,47.54,-111.8,2,11
24,45.51,-92.18,2,12
44,38.15,-121.87,2,6
12,47.28,-76.73,2,13
43,70.42,-95.42,1,20
43,37.41,-112.36,1,20
47,45.22,-122.08,2,27
30,42.83,-97.0,1,22
3,29.17,-114.98,2,5
1,30.98,-98.4,2,29
46,48.01,-98.34,2,16
32,27.66,-109.86,2,14
10,38.78,-101.15,2,4
9,25.83,-96.75,1,20
32,34.63,-163.08,2,14
3,39.55,-96.65,0,5
31,64.26,-106.97,2,13
27,38.25,-81.22,2,19
27,37.63,-87.16,2,19
31,31.42,-109.93,2,13
11,26.72,-78.96,1,15
11,31.93,-68.7,1,15
25,36.54,-111.1,2,20
24,40.12,-118.29,2,12
6,35.62,-98.18,2,0
36,19.08,-105.41,2,25
7,21.17,-120.25,0,21
39,45.96,-83.92,2,23
34,67.89,-76.16,2,12
49,28.47,-82.61,2,19
0,67.05,-72.63,0,28
29,33.45,-82.61,2,26
30,43.79,-84.72,2,22
31,55.43,-103.98,2,13
9,28.49,-107.25,1,20
13,45.17,-91.4,2,18
