Aa,Ao,Dcl,Iy,Sh,target
0.665,0.846,1.096,-0.451,-0.636,1
1.204,0.556,-0.317,-0.1,0.223,0
0.603,0.593,2.839,0.382,-0.145,1
2.466,0.889,-0.297,0.31,0.15,0
0.13,2.16,2.609,0.332,1.141,0
0.397,1.012,1.592,-0.499,0.086,0
1.638,1.3,-0.467,-0.204,-0.1369999999999999,0
0.302,-0.562,2.119,1.4,-0.269,1
0.234,0.365,-0.102,0.6559999999999999,0.487,0
0.4970000000000001,1.1740000000000002,1.101,-0.727,-0.39,0
0.228,1.273,1.661,0.201,0.648,0
0.166,2.84,0.206,-0.165,0.116,0
3.414,0.34,1.63,0.6409999999999999,0.217,0
0.347,0.958,2.495,0.378,-0.8490000000000001,1
0.57,0.506,2.72,1.105,0.532,0
0.326,1.019,1.747,1.204,0.5,1
0.614,1.275,0.166,-0.141,-0.19,0
0.486,0.736,-0.093,0.202,0.055,0
1.973,-0.648,2.076,0.354,-0.281,0
0.887,0.365,-0.44,-0.443,0.201,0
0.991,-0.317,1.097,0.389,-0.404,0
3.619,1.875,0.7290000000000001,0.403,-0.34,0
0.053,1.4480000000000002,1.883,0.703,-0.11,0
2.4090000000000003,-0.292,3.0580000000000003,2.135,0.7,0
0.412,2.342,0.256,-0.578,1.002,0
1.6740000000000002,1.435,1.225,0.117,0.284,0
2.275,2.596,0.17,-0.5479999999999999,-0.1,0
1.29,-0.333,0.384,-0.115,-0.319,0
2.508,0.97,0.992,0.219,-0.095,0
3.258,0.89,2.051,1.837,-0.1,0
2.17,2.236,-0.537,0.131,-0.293,0
0.103,2.042,1.84,1.921,-0.7490000000000001,1
0.691,0.7140000000000001,1.901,-0.079,0.21,1
0.445,0.481,1.6740000000000002,-0.51,-0.283,1
2.585,-1.17,2.762,-0.222,-0.308,0
-0.102,1.722,0.7240000000000001,1.537,-0.047,0
3.892,0.562,-0.37,-0.08,-0.7609999999999999,0
3.629,1.908,1.5119999999999998,1.154,-0.552,1
0.055,1.256,0.271,1.7009999999999998,0.457,0
-0.109,1.841,0.375,-0.7659999999999999,-0.564,0
0.394,0.57,1.091,0.922,-0.635,1
0.085,1.224,2.238,-0.523,-0.055,0
1.585,2.268,1.35,0.087,-0.775,1
3.137,0.639,1.826,1.058,-0.7120000000000001,1
3.432,0.931,0.725,0.07,0.988,1
2.072,1.6369999999999998,0.583,0.232,0.292,0
1.54,2.346,-0.263,0.424,-0.184,0
0.39,-0.52,-0.6829999999999999,2.327,0.368,0
2.03,0.259,-0.084,1.735,1.838,1
-0.197,2.052,0.438,0.606,-0.052,0
3.287,2.573,0.486,0.3229999999999999,1.975,1
3.148,1.188,0.877,-0.195,0.0819999999999999,0
2.234,2.557,1.267,-0.625,-0.096,0
0.17,1.295,-0.161,0.084,-0.232,0
1.84,1.141,0.951,-0.952,-0.125,0
0.42,2.2,1.985,-0.826,0.257,0
2.046,2.541,0.872,1.222,0.628,0
1.499,1.37,1.629,2.318,-0.7120000000000001,1
0.393,0.516,0.579,0.8390000000000001,0.405,1
0.339,1.38,-0.272,-0.539,0.984,1
2.399,0.158,1.486,1.1840000000000002,-0.918,1
0.593,0.633,0.154,-0.219,0.7070000000000001,0
0.466,2.962,1.3130000000000002,0.24,-0.39,0
1.041,3.556,2.031,2.211,-1.1,0
1.446,2.722,2.985,0.199,0.225,0
0.433,1.666,1.76,1.411,-0.7759999999999999,1
-0.309,2.092,-0.127,-0.312,-0.09,0
0.293,0.219,0.552,-0.485,1.494,1
1.335,2.994,0.484,-0.82,0.484,0
0.332,1.966,0.277,0.516,0.146,0
2.513,2.821,0.75,1.0759999999999998,0.385,0
1.92,2.342,1.122,1.268,-0.716,1
3.13,2.713,0.715,-0.569,-0.542,0
2.7230000000000003,0.64,1.225,1.4780000000000002,-0.583,0
1.462,1.517,-0.27,0.7240000000000001,-0.746,0
0.176,2.5580000000000003,-0.459,0.243,-0.911,0
1.02,3.02,2.488,1.047,0.674,1
0.789,1.272,0.352,-0.6659999999999999,-0.084,0
2.302,2.75,2.436,0.328,-0.289,0
2.4290000000000003,2.766,-0.334,0.236,-0.507,0
2.141,1.903,1.264,-0.606,0.056,0
1.15,0.6579999999999999,1.852,0.922,-0.7090000000000001,1
0.4,1.834,1.472,2.198,1.4409999999999998,1
0.4970000000000001,0.523,2.213,-0.439,-1.145,1
0.965,2.4130000000000003,0.222,-0.564,1.012,0
3.156,2.156,-0.639,-0.294,-0.38,0
1.972,2.531,1.315,2.351,0.579,1
0.5429999999999999,2.285,2.335,0.221,1.814,0
0.116,-0.3720000000000001,0.6,-0.946,-0.046,1
0.463,1.834,0.789,1.039,0.438,0
0.7979999999999999,2.215,0.17,0.248,0.161,0
0.613,0.41,-0.247,1.023,0.056,0
1.386,1.233,-0.321,-0.73,-0.115,0
2.547,2.4290000000000003,0.503,-0.235,-0.911,0
0.802,1.208,-0.54,-0.163,-0.214,0
2.785,0.6559999999999999,-0.614,0.195,-1.1,0
2.521,1.957,-0.557,0.366,0.245,0
0.605,0.29,2.274,-0.236,0.589,0
0.138,0.78,1.784,-0.6990000000000001,0.6829999999999999,0
0.048,1.535,0.158,0.643,0.083,0
2.865,3.108,1.608,1.431,1.4409999999999998,1
0.981,0.923,1.0659999999999998,1.185,0.152,1
0.379,0.472,1.209,1.311,1.305,1
2.662,0.46,1.638,0.153,1.125,0
0.322,1.788,1.589,0.077,-0.908,0
1.518,2.372,2.212,1.7,0.119,0
0.473,0.754,1.7519999999999998,0.8390000000000001,0.732,1
1.051,0.344,-0.216,1.4509999999999998,-0.21,0
0.333,2.885,0.64,2.32,0.128,0
-0.139,-0.333,0.639,1.37,0.96,1
2.619,-0.217,1.09,0.363,0.159,0
1.594,-0.235,1.3769999999999998,0.956,0.925,0
2.167,0.303,0.476,-0.235,0.045,0
-0.225,2.256,2.339,1.048,-0.764,1
0.135,2.892,1.629,0.611,1.298,1
3.065,1.523,0.603,-0.075,0.581,0
0.453,1.426,1.878,1.111,1.6740000000000002,1
0.925,2.108,1.369,0.11,-0.516,0
0.193,2.612,1.65,0.59,-0.599,0
2.94,1.344,2.8280000000000003,1.239,0.648,0
0.46,0.317,2.839,1.683,1.973,1
1.013,2.829,1.871,-0.764,0.233,1
2.879,0.981,1.446,1.726,-0.065,0
0.93,3.344,0.931,1.111,1.255,1
0.976,0.342,1.897,1.495,-0.198,0
3.237,1.413,-0.26,-0.194,0.797,0
2.075,-0.805,1.933,0.6609999999999999,1.126,0
0.083,3.034,-0.61,0.307,-0.502,0
2.116,0.6579999999999999,2.489,1.722,-0.506,1
0.171,1.629,1.49,1.46,-0.128,0
0.7140000000000001,2.901,1.616,-0.484,0.347,0
1.469,0.482,0.809,2.028,-0.45,1
0.486,2.0,0.813,0.295,0.429,0
0.11,0.5720000000000001,1.899,1.092,0.338,0
0.254,1.99,0.976,0.624,-0.096,0
1.242,1.666,1.403,0.858,-0.451,1
0.461,0.433,-0.286,0.333,-0.135,0
-0.132,0.318,1.134,0.156,0.4970000000000001,0
0.215,0.284,1.5119999999999998,0.306,-0.401,0
-0.094,1.15,0.315,0.232,-0.6659999999999999,0
2.662,2.229,-0.379,-0.113,0.438,0
2.451,0.49,0.505,-0.201,-0.11,0
3.343,1.0659999999999998,1.334,-0.412,0.203,0
0.7709999999999999,1.666,1.235,1.962,-0.688,1
2.708,1.426,-0.529,0.295,0.149,0
1.509,2.334,1.883,-0.713,0.525,0
0.339,1.016,0.64,-0.236,-0.161,0
0.318,1.131,1.336,1.596,1.49,1
3.619,0.924,0.82,1.39,0.563,1
0.6579999999999999,2.188,2.213,-0.6920000000000001,0.048,1
0.774,0.412,-0.6859999999999999,0.929,-0.204,1
0.1369999999999999,1.881,1.598,1.713,0.851,1
0.123,0.742,0.59,0.831,-1.086,1
3.085,1.461,2.093,0.257,-0.221,0
0.364,1.78,0.448,0.667,0.838,0
2.747,1.081,2.32,1.599,0.081,0
0.158,1.69,0.865,1.894,0.7070000000000001,0
1.339,2.212,-0.5760000000000001,-0.6729999999999999,1.467,1
1.509,2.132,1.985,0.117,0.716,0
1.592,0.245,1.09,-0.4320000000000001,0.376,0
0.619,2.225,1.354,-0.235,-0.413,0
1.909,1.4069999999999998,-0.509,-0.1689999999999999,0.971,0
0.5870000000000001,1.48,0.544,0.494,-0.053,0
3.597,0.489,0.619,1.228,0.198,0
1.364,2.26,-0.146,-0.085,-0.199,0
1.235,1.987,-0.8290000000000001,2.131,-0.453,0
0.693,2.577,0.648,2.045,-0.1689999999999999,0
0.716,1.038,-0.315,0.81,-0.065,0
3.167,2.361,0.166,-0.095,1.266,0
0.043,2.415,1.148,-0.304,0.5529999999999999,0
1.415,0.338,1.404,-0.7559999999999999,0.221,0
0.489,1.997,0.584,0.483,-0.396,0
0.281,1.331,1.675,-0.688,-0.26,0
0.947,-0.317,0.713,0.562,-0.331,1
1.021,0.389,0.628,-0.447,1.571,0
0.536,2.777,1.493,-0.213,-0.042,0
0.468,1.4780000000000002,-0.488,0.371,0.102,0
0.373,1.264,0.7070000000000001,1.384,-0.8220000000000001,1
0.762,1.144,0.888,2.463,2.273,1
0.951,1.798,1.537,0.071,-0.142,0
0.493,0.614,2.761,0.999,1.31,1
1.204,2.7030000000000003,-0.52,0.264,-0.124,0
0.7190000000000001,1.245,-0.7090000000000001,-0.255,-0.1689999999999999,0
1.533,1.811,0.395,2.003,-0.135,0
0.72,1.69,0.37,0.232,-0.8140000000000001,0
0.194,0.544,0.555,2.632,-0.231,1
2.318,2.821,1.173,-0.365,-0.188,0
0.98,1.982,1.848,-0.385,-0.135,0
1.061,1.592,2.4930000000000003,1.694,0.856,0
0.31,1.943,0.479,1.496,1.46,1
0.705,2.193,0.27,0.222,-0.652,0
0.6970000000000001,1.064,-0.113,-0.222,-0.487,0
2.879,1.346,-0.494,0.931,0.068,0
2.619,1.317,1.819,-0.081,0.154,0
0.65,1.136,0.347,0.107,-0.406,0
1.481,1.211,0.841,-0.622,0.847,1
0.964,0.563,-0.7070000000000001,1.965,-0.5379999999999999,1
1.283,1.592,1.456,1.132,-0.633,1
2.8480000000000003,2.317,2.588,0.356,-0.291,0
4.107,0.293,2.215,0.703,-0.133,0
0.6679999999999999,2.052,0.14,0.525,-0.468,0
1.0590000000000002,2.869,2.278,0.7959999999999999,-0.225,1
0.857,0.184,2.278,0.615,1.266,1
0.501,1.295,1.751,0.7020000000000001,0.108,0
3.097,1.196,-0.111,1.591,0.127,0
1.594,0.898,0.476,0.752,-0.337,0
0.909,2.242,1.6369999999999998,0.977,-0.42,1
2.045,2.24,2.533,0.342,-0.34,0
0.304,0.779,0.7879999999999999,-0.072,-0.235,0
2.531,0.742,1.811,0.747,1.783,1
0.348,1.408,0.938,-0.653,-0.133,0
0.7490000000000001,2.87,0.157,0.339,-0.121,0
2.046,1.025,-0.495,0.601,-0.204,0
0.958,1.913,0.83,0.624,0.581,0
0.857,1.3730000000000002,2.447,1.082,0.401,1
0.99,3.076,0.916,1.033,1.234,1
3.012,0.388,0.3,-0.205,-0.075,0
0.965,2.057,2.061,0.792,-0.6709999999999999,0
2.891,3.2960000000000003,1.773,0.198,0.327,0
0.679,0.8109999999999999,0.252,-0.431,0.6659999999999999,1
3.347,1.31,2.2,-0.488,0.525,0
1.177,2.242,1.464,1.584,2.149,1
-0.054,1.139,0.56,-0.397,0.077,0
1.155,0.6970000000000001,2.42,1.221,0.847,1
1.271,2.591,-0.41,0.332,0.132,0
0.964,1.215,1.5759999999999998,0.733,2.015,1
0.893,0.772,1.807,0.6990000000000001,1.002,1
2.035,1.155,-0.3229999999999999,2.021,0.6459999999999999,0
3.172,2.62,-0.78,0.139,-0.132,0
0.638,2.1180000000000003,-0.418,-0.224,0.099,0
1.065,1.089,1.204,0.969,-0.046,0
1.156,0.51,1.5659999999999998,0.748,-0.908,1
1.594,1.004,-0.242,-0.7809999999999999,-0.21,0
2.9930000000000003,2.408,1.7009999999999998,-0.41,-0.863,0
0.262,1.55,0.375,0.139,0.493,0
2.508,1.032,0.378,0.089,0.632,0
3.388,0.8809999999999999,2.266,2.03,1.1840000000000002,1
2.866,1.051,0.6759999999999999,1.5419999999999998,-0.079,0
0.807,0.622,2.13,-0.875,0.7090000000000001,1
1.022,1.789,-0.281,-0.856,2.136,0
2.638,-0.22,2.391,0.638,0.523,1
0.431,2.4530000000000003,-0.531,1.713,-0.444,1
1.555,1.017,-0.111,1.949,0.185,0
2.827,3.51,-0.403,1.249,-0.168,0
0.8590000000000001,2.06,2.448,2.041,0.252,0
0.395,1.19,0.894,0.954,2.015,1
0.65,1.039,0.667,0.312,-0.068,0
0.552,0.342,2.685,-0.292,0.073,0
2.055,0.368,-0.403,-0.314,0.131,0
0.655,0.949,1.056,-0.591,1.38,1
2.8360000000000003,1.654,2.265,0.58,-0.797,0
-0.268,0.311,-0.599,0.944,0.998,0
1.923,2.114,0.287,0.991,0.257,0
0.217,2.169,1.09,0.38,0.0819999999999999,0
0.331,0.401,0.805,-0.853,1.212,1
3.3960000000000004,2.229,0.954,-0.272,-1.1,0
2.321,2.168,-0.659,0.448,1.429,1
1.181,1.798,3.079,-0.222,-0.235,0
1.162,0.784,-0.398,0.496,-0.036,0
0.79,1.224,2.251,0.08,-0.179,0
0.364,2.541,0.243,0.58,-0.441,0
0.078,0.732,2.071,-0.8440000000000001,0.237,0
0.268,1.4480000000000002,1.125,1.162,0.062,0
1.247,2.214,0.574,-0.726,0.355,0
2.064,0.594,1.001,1.213,-0.435,1
0.617,2.519,1.992,0.123,1.318,1
0.857,0.431,0.731,0.518,0.433,1
1.172,1.196,1.455,-0.49,0.203,0
0.094,2.782,-0.607,-0.6459999999999999,0.163,0
0.295,0.461,1.85,0.31,-0.052,0
0.17,1.138,-0.414,-0.608,0.163,0
2.221,1.978,-0.441,0.682,-0.079,0
0.5579999999999999,-0.562,-0.657,1.058,1.263,1
0.507,2.202,-0.534,1.374,-0.36,1
1.44,0.857,2.061,-0.226,-0.758,0
1.517,2.3080000000000003,0.601,0.247,0.075,0
0.63,2.469,0.823,1.406,-0.435,1
3.58,1.662,1.254,-0.6920000000000001,0.055,0
0.162,0.508,1.852,1.196,-0.732,1
1.612,0.855,-0.072,-0.105,1.829,0
2.051,0.6920000000000001,-0.534,-0.089,-0.1689999999999999,0
0.836,2.311,-0.414,0.544,-0.415,0
1.642,1.859,0.268,-0.603,-0.143,0
0.286,1.384,2.178,1.807,1.95,0
0.13,3.1910000000000003,2.33,0.091,1.043,0
2.119,-0.188,0.735,-0.281,-0.065,0
-0.193,1.141,0.601,0.128,2.552,0
3.53,1.914,2.757,1.202,0.731,0
2.063,-0.5489999999999999,-0.381,-1.032,1.723,0
0.726,2.302,-0.132,0.264,-0.109,0
0.991,1.395,-0.47,-0.066,0.092,0
0.134,3.03,-0.104,1.157,-0.47,0
0.095,2.301,2.294,1.912,-0.238,0
2.531,2.263,-0.238,-0.238,-0.239,0
0.21,0.542,3.149,-0.856,-0.4370000000000001,0
1.364,0.9,2.495,2.143,1.311,1
1.3,0.381,-0.514,1.406,0.622,1
2.115,0.325,1.918,0.156,0.057,0
2.518,2.7230000000000003,-0.601,0.412,-0.119,0
0.525,1.436,-0.331,0.601,-0.326,0
2.3080000000000003,1.216,1.681,1.93,0.491,1
0.42,1.852,1.7919999999999998,-0.203,-0.119,0
0.762,2.585,2.32,-0.068,-0.732,0
0.445,0.508,1.841,1.026,0.8340000000000001,1
0.8240000000000001,0.419,1.7719999999999998,-0.5579999999999999,1.298,1
-0.115,1.352,1.263,1.213,1.461,1
0.1639999999999999,2.565,0.628,0.954,0.157,0
1.04,2.737,-0.6829999999999999,0.292,-0.136,0
0.507,0.7140000000000001,2.708,1.582,0.309,1
0.745,0.5660000000000001,0.396,0.191,1.185,0
1.859,3.424,0.413,0.913,0.593,0
0.342,0.594,1.126,-0.8190000000000001,0.19,0
0.084,2.028,0.42,0.076,-0.439,0
2.302,1.357,-0.57,-0.204,-0.0819999999999999,0
2.733,-1.17,1.208,-0.6609999999999999,-0.34,0
1.757,-0.227,0.615,-0.106,0.247,0
1.294,1.937,-0.495,-1.354,-0.467,0
1.143,0.29,0.381,2.225,0.552,0
1.836,3.3480000000000003,0.118,-0.728,-0.594,0
0.358,2.2,1.963,-0.241,-0.935,1
0.066,1.99,-0.821,-0.721,-0.192,0
1.524,0.6990000000000001,0.981,-0.516,0.753,1
-0.136,0.401,1.6369999999999998,0.664,1.253,1
0.735,0.846,1.341,1.086,0.883,1
1.036,1.486,2.274,1.5419999999999998,0.126,0
2.918,2.204,2.391,2.266,-0.1669999999999999,0
0.076,0.866,2.35,0.094,-0.276,0
0.696,1.963,2.004,2.012,-0.72,1
-0.165,2.345,0.5429999999999999,0.092,0.664,0
2.141,0.263,0.763,-0.596,-0.353,1
0.083,0.509,1.74,-0.653,1.15,0
-0.05,1.6780000000000002,0.696,0.906,1.541,1
0.887,2.882,-0.14,0.458,-0.036,0
2.525,1.097,-0.385,0.307,-0.21,0
0.144,2.401,-0.475,1.551,0.924,0
1.051,1.087,-0.448,-0.209,0.411,0
0.85,1.807,2.042,-0.233,-0.441,0
0.7240000000000001,0.288,0.899,-0.153,1.555,0
0.629,2.187,0.91,-0.68,0.456,0
1.822,1.249,0.122,1.513,-0.86,1
2.222,2.1180000000000003,1.276,0.341,0.261,0
3.909,0.892,0.922,0.691,-0.21,0
1.097,2.246,-0.488,-0.13,1.31,0
1.422,2.559,1.211,2.015,-0.21,0
0.861,1.023,1.71,0.77,1.092,1
3.341,1.254,0.687,-0.772,-0.627,0
3.5,2.352,-0.1369999999999999,1.842,0.242,0
1.018,0.7040000000000001,2.531,1.21,0.314,0
0.216,1.809,-0.395,0.283,-0.732,0
1.675,0.421,0.851,0.588,-0.38,0
1.204,0.55,0.607,1.6,0.951,1
1.5930000000000002,0.305,0.958,-0.198,-0.122,0
2.617,1.4409999999999998,1.1840000000000002,-0.639,-0.125,0
0.264,2.181,2.092,2.338,-0.276,0
0.797,-0.238,0.434,0.307,-0.161,0
-0.6679999999999999,1.364,-0.124,0.09,0.6940000000000001,0
0.203,2.559,2.327,-0.804,0.561,0
1.601,3.393,0.828,1.693,-0.161,0
1.125,2.4330000000000003,1.226,-0.24,-0.06,0
0.521,1.65,-0.622,0.433,0.119,0
3.21,1.204,2.213,1.551,-0.508,0
0.091,1.028,2.459,-1.219,-0.079,0
1.859,0.41,0.672,-0.289,-0.046,0
0.693,1.48,-0.747,2.613,-0.439,0
1.035,0.721,1.644,1.122,1.069,1
1.109,0.855,-0.785,-0.274,-0.315,0
0.294,2.197,1.429,-0.27,0.252,0
0.388,2.186,-0.802,0.081,1.592,0
1.182,0.408,2.047,1.454,0.982,1
0.193,2.669,1.366,-0.073,-0.131,0
2.074,0.234,2.474,0.921,-0.725,0
0.17,1.558,1.898,1.658,-0.3720000000000001,0
1.851,2.546,-0.347,-0.084,-0.879,0
2.342,1.3019999999999998,2.448,2.548,0.091,0
2.299,1.7619999999999998,-0.4370000000000001,0.268,-0.132,0
0.179,1.935,-0.08,0.959,-0.969,0
1.706,0.624,-0.357,0.521,0.114,0
0.687,1.081,1.964,0.971,-0.546,0
1.4409999999999998,1.123,0.601,0.264,-0.371,0
1.569,-0.214,0.5660000000000001,-0.5539999999999999,-0.307,0
2.761,3.283,1.137,-0.285,-0.21,0
2.31,0.286,0.6829999999999999,1.248,1.264,1
1.004,2.845,-0.599,1.102,-0.7090000000000001,0
0.5720000000000001,2.472,1.581,1.167,-0.626,1
0.189,2.9210000000000003,0.227,-0.198,-0.147,0
3.087,0.35,1.279,-0.144,-0.919,0
0.104,0.472,2.677,-0.245,-1.143,0
1.841,0.358,0.277,1.3530000000000002,-0.131,0
1.2919999999999998,0.746,1.941,0.812,-0.049,0
3.269,0.469,0.989,0.455,-0.092,0
0.405,2.138,1.584,-0.084,0.8140000000000001,0
1.928,1.704,0.8420000000000001,2.1,0.81,0
0.5720000000000001,0.68,2.678,2.405,-0.091,1
2.019,0.774,0.327,-0.6940000000000001,1.356,0
0.152,2.2430000000000003,1.193,0.257,0.474,0
1.3,3.435,0.897,1.805,0.602,1
1.653,0.5720000000000001,1.5719999999999998,-0.192,-0.184,0
0.511,2.242,2.318,1.156,0.991,1
-0.178,-0.294,1.13,-0.257,0.066,0
0.278,3.05,-0.294,0.184,1.062,0
0.366,1.7919999999999998,0.134,0.952,0.341,0
0.168,1.3219999999999998,1.182,1.347,0.726,1
1.6669999999999998,1.945,0.439,0.199,1.419,0
-0.15,2.655,2.73,-0.237,-0.133,0
0.118,2.283,2.387,1.391,-0.6,0
2.168,1.97,-0.12,-0.591,0.835,1
0.6459999999999999,2.006,1.073,-0.359,-0.627,0
0.762,2.716,0.797,0.069,-0.293,0
0.546,0.928,2.523,1.935,-0.569,1
1.048,1.59,-0.433,-0.527,0.168,0
1.469,0.4970000000000001,0.511,2.313,-0.623,1
-0.195,1.514,1.991,1.985,0.115,0
0.27,1.033,-0.377,0.848,1.596,0
1.4880000000000002,1.368,-0.622,-0.69,1.356,0
1.294,3.022,-0.388,-0.362,-0.256,0
0.778,1.93,1.774,-0.831,2.149,1
3.359,1.846,2.374,1.006,0.7070000000000001,1
0.773,0.764,0.148,0.529,-0.116,0
0.627,0.924,0.813,0.524,0.648,1
0.365,1.097,1.064,0.318,0.069,0
0.4920000000000001,3.15,1.372,-0.37,-0.088,0
0.113,2.401,0.457,-0.202,-0.11,0
0.716,2.444,0.949,0.399,-0.126,0
1.929,2.467,0.301,1.7009999999999998,-0.398,0
1.139,2.255,1.5659999999999998,0.863,-0.448,1
0.218,1.275,1.864,-0.365,2.016,0
0.108,3.345,0.569,0.373,0.552,0
0.772,0.28,0.361,-0.639,-0.112,0
0.539,2.314,2.7,0.618,0.097,1
2.299,2.193,1.925,0.242,-0.528,0
0.722,0.649,2.164,2.283,0.415,1
-0.132,1.673,-0.166,2.023,-0.053,0
1.185,3.743,-0.477,1.0759999999999998,1.881,0
1.097,3.0410000000000004,-0.153,-0.285,2.136,0
1.765,0.698,2.09,0.979,0.782,1
0.8420000000000001,2.361,-0.384,1.105,1.4240000000000002,0
1.518,0.635,0.852,1.229,1.392,1
1.057,1.01,0.938,-0.154,1.571,0
3.393,0.537,1.244,1.845,-0.875,1
1.601,0.977,0.895,-0.5429999999999999,0.401,0
-0.233,0.35,0.357,1.3730000000000002,-0.131,0
2.518,1.764,0.716,-0.171,0.127,0
0.28,0.502,0.623,2.278,1.903,1
0.36,1.982,-0.747,-0.19,0.405,0
-0.194,2.023,-0.486,0.8009999999999999,1.546,1
0.336,2.6260000000000003,-0.393,0.833,-0.08,0
1.79,2.637,0.502,0.194,-0.482,0
0.496,0.338,0.238,0.56,0.628,0
0.87,0.848,2.439,-0.252,-0.1669999999999999,0
0.208,1.018,1.151,0.462,-0.089,1
-0.6679999999999999,2.136,-0.138,-0.7829999999999999,-0.066,0
0.73,2.042,2.422,-0.494,-0.354,1
0.917,2.129,1.331,-0.447,1.019,0
0.901,3.1260000000000003,-0.293,1.604,0.942,0
0.7859999999999999,0.555,1.084,1.3630000000000002,1.037,1
1.167,2.0540000000000003,-0.3,-0.078,-0.6509999999999999,0
-0.129,2.823,2.447,-1.3,1.476,1
0.236,2.897,0.986,0.7979999999999999,-0.063,0
0.469,0.47,0.35,2.546,-0.079,0
0.377,0.5920000000000001,-0.505,-0.161,-0.216,0
0.425,1.534,-0.474,1.631,-0.428,0
1.339,0.6,0.15,1.917,-0.55,1
1.036,1.029,1.575,-0.361,-0.768,1
2.747,1.633,1.891,-0.596,0.89,1
3.045,1.011,-0.138,0.241,0.885,0
0.438,1.526,-0.329,-0.612,1.807,0
0.608,2.548,0.7829999999999999,0.081,-0.33,0
0.5870000000000001,0.736,-0.228,-0.665,-0.233,0
0.951,0.568,1.714,-0.718,0.985,1
0.622,3.309,1.02,0.186,0.385,0
1.208,1.966,-0.393,0.68,-0.128,0
0.236,0.341,-0.194,0.715,-0.21,0
2.785,0.3670000000000001,2.523,0.618,1.4409999999999998,1
0.1689999999999999,0.914,0.583,1.3119999999999998,0.634,1
2.019,1.589,-0.47,-0.199,-0.725,0
1.083,2.25,-0.4270000000000001,1.4509999999999998,-0.049,0
0.871,0.279,2.406,0.479,1.228,0
2.781,-0.477,2.113,0.35,-0.299,0
0.853,1.293,1.164,0.326,0.235,0
0.8809999999999999,0.203,2.035,-0.341,-0.15,1
0.143,2.68,1.587,1.979,-0.507,1
0.892,0.6409999999999999,2.02,0.7909999999999999,-0.722,1
0.266,0.257,1.484,-0.407,-0.441,1
-0.073,0.971,1.275,-0.7659999999999999,0.324,0
0.468,2.7110000000000003,2.3280000000000003,-0.277,0.341,0
0.903,2.584,1.0659999999999998,-0.623,0.748,1
0.5870000000000001,0.988,2.142,1.668,-0.228,1
2.13,2.285,1.617,0.411,0.359,0
1.283,2.748,2.019,0.757,-0.237,1
0.528,2.239,2.52,0.721,1.321,0
-0.321,1.048,0.7440000000000001,1.081,0.469,1
0.71,1.863,1.6980000000000002,0.275,-0.121,0
1.083,1.19,1.45,-0.223,-0.115,0
1.141,1.534,2.285,-0.586,-0.535,0
0.455,0.203,0.921,0.422,-0.378,0
0.675,2.418,2.573,-0.173,-0.059,0
0.6609999999999999,-0.648,1.901,-0.496,-0.156,1
0.283,0.305,0.493,-0.115,-0.139,0
1.156,2.476,-0.802,1.6909999999999998,0.09,0
0.596,2.412,2.164,0.979,1.392,1
1.308,1.717,0.7929999999999999,0.987,0.639,1
0.18,0.574,-0.409,0.621,1.173,0
1.3,1.182,0.322,1.311,2.049,1
0.488,0.46,2.588,0.32,-0.301,0
2.5580000000000003,1.749,0.48,-0.334,-0.67,0
1.952,0.61,1.963,-0.087,0.478,0
0.486,1.272,1.134,-0.418,-0.079,0
0.085,2.74,-0.461,0.171,1.15,0
1.6880000000000002,3.155,-1.057,-0.743,1.069,1
1.952,3.057,1.639,-0.625,0.6659999999999999,1
1.335,0.68,2.056,-0.366,-0.11,1
1.454,1.009,-0.534,0.508,0.057,0
2.7030000000000003,0.249,2.268,0.346,0.525,0
0.361,0.435,-0.399,1.012,-0.068,0
-0.645,0.473,0.939,-0.407,0.383,1
1.7819999999999998,0.945,2.585,-0.294,1.558,0
2.043,0.975,1.616,1.382,-0.155,0
1.47,1.605,0.431,0.901,0.433,0
0.143,0.512,1.59,2.283,0.493,1
1.084,0.33,0.229,-0.19,0.088,0
1.047,0.725,0.165,1.796,1.342,1
0.424,2.577,0.8540000000000001,0.4270000000000001,0.594,0
2.761,0.423,2.176,0.541,-0.092,0
2.456,1.3730000000000002,-0.35,0.32,0.73,0
2.496,0.647,-0.598,1.075,-0.547,1
0.044,0.511,0.415,0.8640000000000001,-0.511,1
0.853,3.04,-0.124,-0.06,-0.062,0
0.6559999999999999,1.218,2.311,0.496,1.607,1
0.174,-0.446,0.903,1.857,0.8370000000000001,1
1.018,0.995,2.6660000000000004,-0.557,0.986,0
0.961,1.595,2.642,-0.525,-0.636,1
2.51,2.132,2.076,0.489,-0.232,0
2.406,2.9210000000000003,0.847,-0.294,-0.192,0
3.2260000000000004,0.863,2.217,-0.133,0.096,0
1.923,0.7240000000000001,0.66,0.317,-0.225,0
0.081,1.886,1.445,0.078,-0.061,0
1.696,1.983,0.313,0.407,-0.447,0
0.287,0.8490000000000001,-0.5529999999999999,-0.779,0.6659999999999999,1
1.393,0.456,0.368,-0.581,-0.341,1
0.142,3.174,1.078,-0.333,-0.384,0
0.441,-0.166,2.642,1.914,1.321,1
0.899,1.932,0.575,-0.557,0.217,0
0.795,1.709,1.112,-0.607,-0.268,1
0.114,0.987,0.473,-0.242,0.418,0
2.385,2.068,2.523,1.6569999999999998,0.5479999999999999,1
2.8360000000000003,0.672,0.833,-0.6940000000000001,-0.118,0
3.004,0.575,0.456,1.5319999999999998,-0.124,0
2.8480000000000003,2.26,-0.356,0.191,-0.089,0
1.056,2.364,1.172,-0.384,-0.23,1
1.594,0.894,-0.57,1.092,0.738,0
1.463,2.386,-0.421,0.516,0.581,0
1.163,1.45,1.137,1.758,-0.233,0
2.906,0.86,0.114,1.789,0.495,1
3.451,3.252,0.816,2.225,-0.045,0
2.571,1.3730000000000002,1.393,0.961,0.546,0
2.089,2.315,-0.5920000000000001,0.34,-0.456,0
1.036,-0.319,-0.487,0.782,-0.102,0
1.349,1.923,1.396,-0.337,-0.797,0
2.986,1.516,-0.264,-0.175,-0.104,0
0.901,0.792,1.586,-0.2,0.7040000000000001,0
2.18,1.204,2.319,2.221,-0.041,0
-0.094,1.005,0.705,0.397,-0.792,1
0.144,0.373,-0.178,-0.58,0.19,0
-0.504,2.278,0.386,0.853,1.707,0
-0.107,3.0780000000000003,-0.144,0.5920000000000001,-0.118,0
4.107,2.0380000000000003,0.134,-0.8340000000000001,2.13,0
2.095,2.064,2.657,-0.338,1.155,0
2.15,1.266,0.862,1.3090000000000002,0.937,0
-0.085,1.967,1.173,1.886,-0.297,1
0.399,2.43,2.9330000000000003,-1.28,1.2,1
1.224,1.055,0.159,-0.109,-0.412,0
0.452,0.626,1.521,0.143,1.396,1
-0.15,0.645,-0.48,0.329,1.3090000000000002,0
3.15,1.329,2.236,1.872,-0.126,0
0.291,2.655,-0.391,0.416,0.6920000000000001,0
0.609,0.804,-0.502,0.8859999999999999,2.136,0
0.073,-0.266,2.417,-0.55,0.6559999999999999,0
2.025,0.708,-0.077,0.685,0.224,0
0.059,0.898,-0.287,-0.7909999999999999,0.148,0
2.657,1.217,-0.138,0.35,0.119,0
0.649,0.928,1.844,2.035,0.986,0
2.321,2.3480000000000003,-1.11,1.796,-0.21,0
0.26,1.031,0.575,0.477,-0.405,0
0.104,2.213,0.715,0.921,0.112,0
2.944,0.475,0.963,1.065,0.059,0
2.9930000000000003,0.928,1.006,-0.08,0.062,0
1.23,3.026,-0.6709999999999999,0.519,-0.286,1
2.126,1.439,-0.107,1.093,1.867,0
0.264,0.785,1.515,0.83,-0.398,1
1.839,2.194,2.039,1.276,-0.313,1
0.148,-0.7240000000000001,2.73,1.475,1.198,0
1.93,1.061,2.658,1.336,-0.139,0
0.17,2.437,1.335,-0.138,-0.469,0
1.483,2.22,-0.501,-0.148,0.235,0
1.845,2.801,-0.27,1.601,-0.226,0
0.256,1.14,-0.821,0.107,-0.246,0
0.741,2.114,1.225,-0.7829999999999999,0.144,0
1.776,3.393,-0.344,1.3090000000000002,1.59,0
0.805,2.187,-0.7090000000000001,0.091,-0.444,0
2.761,0.6609999999999999,1.58,-0.1639999999999999,0.504,0
0.206,2.549,-0.589,0.601,-0.25,0
3.05,2.97,0.438,2.041,-0.052,0
0.867,1.26,1.306,0.295,-0.104,0
0.659,1.136,0.2,0.222,-0.347,0
0.447,0.918,-0.3720000000000001,1.318,0.552,0
1.925,0.431,0.332,0.933,0.919,1
1.398,2.03,0.114,2.122,0.547,1
1.188,1.75,0.395,-0.858,0.4970000000000001,0
0.674,2.062,1.194,1.152,0.067,0
0.857,2.357,2.135,0.965,-0.635,1
0.431,1.709,2.391,0.828,0.726,1
0.428,-0.188,1.652,-0.735,0.521,0
0.536,2.417,0.629,-0.594,-0.208,0
1.383,1.043,1.927,1.6569999999999998,-0.795,1
3.347,3.016,-0.575,1.5659999999999998,-0.081,0
-0.8009999999999999,-0.298,1.777,0.5529999999999999,-0.061,0
0.433,1.632,-0.657,1.18,0.216,0
0.7290000000000001,0.205,2.7430000000000003,1.4,0.175,1
2.459,1.876,1.898,0.754,-0.36,0
0.8590000000000001,2.167,0.316,0.601,0.145,0
0.072,0.282,-0.331,-0.161,0.738,0
1.121,0.475,-0.343,-0.226,-0.115,0
0.755,0.448,1.605,-0.187,0.291,0
0.7909999999999999,1.756,0.434,-0.49,-0.746,0
2.239,1.344,-0.127,-0.321,0.162,0
0.617,0.435,0.42,1.056,-0.045,0
0.5479999999999999,1.852,1.001,1.925,1.297,1
1.347,2.446,-0.474,0.074,0.094,0
2.287,1.113,-0.509,0.653,0.3670000000000001,1
3.052,2.5580000000000003,0.155,0.115,1.068,0
0.333,1.18,0.53,0.866,0.6779999999999999,0
1.108,-0.648,1.521,-0.7040000000000001,1.4340000000000002,1
2.451,0.263,1.215,1.92,0.469,1
0.332,2.48,2.637,-0.8370000000000001,0.161,0
0.41,2.483,1.028,1.041,-0.238,0
0.765,2.53,0.735,-0.319,-0.059,0
1.483,1.307,0.7290000000000001,0.7020000000000001,-0.3670000000000001,0
-0.126,-1.081,1.964,-0.3720000000000001,-0.252,0
0.062,1.153,0.501,-0.672,0.438,0
0.133,1.111,0.897,0.452,2.015,1
0.918,2.43,1.073,0.218,-0.129,0
0.77,2.766,0.484,1.883,-0.605,0
0.63,1.494,0.136,1.996,-0.1689999999999999,0
1.639,3.28,2.339,-0.3,0.402,1
0.282,1.996,1.041,-0.075,1.006,0
0.306,-1.062,0.269,-0.516,1.392,1
0.778,1.16,-0.547,1.09,-0.616,1
0.371,1.283,-0.423,0.687,0.227,0
1.515,1.321,-0.168,0.665,0.217,0
0.96,0.7759999999999999,2.162,2.351,-0.211,1
0.465,1.5,-0.71,0.563,-0.5379999999999999,1
0.354,-1.17,2.504,1.985,1.378,1
0.282,1.991,0.733,-0.24,-0.1,0
3.222,-1.062,0.143,0.286,-0.185,0
1.467,1.773,-0.484,0.7659999999999999,0.054,1
2.9810000000000003,-0.5489999999999999,-0.662,-0.24,1.125,0
2.286,1.051,1.933,-0.612,-0.077,0
0.682,1.386,2.5980000000000003,-0.19,-0.295,0
0.723,2.4930000000000003,-0.483,0.7020000000000001,-0.104,0
1.136,1.079,2.985,-0.595,1.346,1
1.892,1.106,2.319,-0.826,0.065,0
3.087,1.3159999999999998,0.544,0.086,1.005,1
0.8490000000000001,0.302,1.012,1.4880000000000002,0.65,1
2.007,0.604,1.108,1.739,1.151,1
1.204,1.443,1.217,-0.358,-0.26,0
0.329,1.025,-0.344,0.1369999999999999,0.161,0
0.198,2.573,2.009,1.903,0.161,1
0.657,1.06,1.508,0.396,0.257,0
1.508,1.217,0.382,0.201,1.881,0
1.298,3.025,1.001,-0.469,1.264,1
3.15,1.65,1.457,-0.579,0.047,0
0.603,1.651,1.018,0.868,-1.009,1
1.998,2.882,0.153,0.256,-0.447,0
0.356,1.629,0.518,1.224,0.6779999999999999,1
0.283,0.7140000000000001,-0.315,0.952,0.25,0
0.813,2.73,0.942,1.122,0.7070000000000001,1
0.442,0.705,0.547,0.743,0.443,1
1.185,1.489,-0.14,-0.662,0.092,0
1.569,1.41,-0.119,-0.066,-0.473,0
0.7190000000000001,1.099,-0.469,0.7340000000000001,-0.378,0
3.052,1.801,0.414,0.48,-0.089,0
0.254,2.801,0.5539999999999999,0.677,1.069,1
-0.058,1.111,-0.462,0.083,-0.384,0
2.843,1.741,-0.24,2.175,-0.972,0
0.482,-0.271,0.337,-0.226,-0.115,0
1.661,1.968,1.503,-0.286,1.058,0
2.1630000000000003,1.25,-0.701,1.904,0.813,0
1.182,0.728,0.982,2.012,-0.097,0
0.115,1.009,0.846,-0.488,0.048,0
2.991,1.124,1.065,1.245,-0.503,1
2.925,2.786,-0.275,0.414,0.192,0
1.54,0.266,2.474,0.403,1.824,0
0.246,2.845,3.0580000000000003,0.922,-0.269,0
0.88,0.37,1.917,0.464,-0.314,0
0.508,1.6469999999999998,1.091,-0.583,-0.424,1
-0.166,3.025,2.263,0.252,1.555,0
1.952,3.2110000000000003,-0.24,-0.308,-0.8640000000000001,0
-1.595,1.178,-0.318,-0.222,-0.1639999999999999,0
-0.089,2.283,0.73,-0.542,0.063,0
0.83,2.494,-0.136,0.481,-0.413,0
0.447,1.275,-0.1,0.535,0.07,0
1.253,2.211,0.43,-0.586,0.047,0
0.825,0.754,1.151,1.361,-0.504,1
3.3480000000000003,-0.306,2.228,0.757,0.623,1
0.485,1.409,1.596,-0.602,-0.977,1
2.815,1.892,2.3080000000000003,-0.768,0.733,0
0.55,2.405,0.135,1.456,1.853,0
1.342,0.565,-0.603,2.0380000000000003,0.598,0
0.412,1.156,0.593,-0.885,0.527,0
0.507,0.809,1.485,-0.105,1.526,1
2.793,1.895,0.42,0.22,-0.115,0
0.112,0.523,0.941,0.957,-0.593,1
2.056,3.241,1.368,1.951,0.174,0
1.568,2.268,-0.51,2.153,-0.204,0
0.513,2.444,-0.485,0.6559999999999999,-0.328,0
3.731,0.97,0.6679999999999999,-0.491,0.544,0
0.291,0.484,0.192,-0.605,0.145,0
0.283,1.943,1.529,-0.6659999999999999,-0.112,0
2.7460000000000004,0.905,-0.422,1.808,1.975,1
0.401,0.532,0.443,0.172,0.544,0
0.456,2.149,0.195,1.012,-0.184,0
0.7140000000000001,0.5920000000000001,2.397,0.363,-0.103,0
-0.268,0.947,1.755,0.97,1.311,1
0.991,1.328,1.078,0.194,0.6559999999999999,0
1.925,0.968,1.819,-0.85,1.046,0
0.451,1.152,1.6369999999999998,0.752,-0.636,1
1.03,0.7240000000000001,-0.368,0.6890000000000001,1.516,1
-0.251,1.778,-0.102,0.425,0.307,0
0.199,1.737,1.243,1.937,1.72,0
3.467,2.167,-0.144,0.426,0.337,0
2.935,0.5720000000000001,1.23,0.493,0.109,0
3.388,2.242,1.575,1.026,0.416,1
1.022,2.185,0.648,-1.494,1.824,0
0.134,1.321,0.507,0.206,0.942,0
0.228,0.368,0.139,1.48,0.349,0
1.638,1.908,-0.148,-0.517,-0.079,0
3.287,1.238,0.794,0.284,-0.09,0
-0.15,1.274,-0.144,-0.175,1.012,0
0.763,1.774,-0.373,0.075,-0.601,0
0.5920000000000001,0.205,1.041,-0.048,-1.016,0
2.236,1.284,2.292,-0.764,-0.423,1
1.988,3.198,-0.193,1.569,0.9,1
-0.266,0.947,2.172,2.094,0.691,1
0.508,1.834,1.588,-0.361,-0.354,1
1.909,1.709,0.773,0.524,0.86,1
0.612,0.654,-0.194,0.391,-0.565,1
1.469,1.097,-0.557,0.117,-0.154,0
2.08,1.489,-0.129,-0.285,-0.748,0
0.57,1.643,2.35,0.203,-0.318,0
0.115,1.7919999999999998,2.485,0.259,-1.0,0
0.454,0.6970000000000001,2.391,1.957,0.958,1
0.029,2.111,-0.637,1.402,-0.378,0
0.439,1.661,0.304,0.583,0.099,0
0.404,2.579,-0.263,0.079,0.949,0
0.501,1.556,2.114,1.086,1.845,1
1.125,2.01,-0.515,-0.102,0.809,0
1.7819999999999998,0.667,-0.544,0.305,-0.6409999999999999,0
0.907,2.877,-0.388,0.61,1.551,0
0.058,2.692,0.86,-0.0819999999999999,0.598,0
2.56,1.74,0.459,0.688,-0.102,0
2.391,0.7759999999999999,1.289,1.156,0.726,1
2.2030000000000003,1.163,0.414,0.6859999999999999,-0.289,0
2.317,1.063,-0.321,0.23,0.117,0
0.6,0.607,1.6880000000000002,-0.818,0.203,1
0.8290000000000001,0.375,0.949,-0.238,0.362,0
1.404,0.391,-0.35,0.242,1.855,0
0.087,1.536,-0.529,0.6940000000000001,-0.253,0
3.2260000000000004,0.555,1.145,-0.52,0.233,1
0.104,2.524,1.435,0.404,0.6990000000000001,0
1.636,1.05,1.268,0.6659999999999999,-0.25,0
1.839,2.169,-0.501,0.535,-0.276,0
2.025,1.231,0.574,1.152,0.175,1
1.05,2.213,2.547,0.7240000000000001,0.165,0
0.308,1.774,-0.341,-0.376,-0.099,0
2.935,3.283,1.34,-0.201,-0.143,0
0.401,-0.282,-0.589,0.594,-0.705,0
2.653,2.085,-0.243,-0.048,0.18,0
0.598,0.448,-0.205,1.395,0.561,0
-0.8290000000000001,1.217,2.094,0.479,1.777,0
0.643,1.057,-0.451,1.17,0.9,1
1.807,1.5,1.273,-0.779,-0.49,1
1.408,1.104,-0.301,-0.084,-0.161,0
-0.107,2.644,1.039,1.06,1.087,1
0.626,0.404,2.32,1.097,0.7859999999999999,0
0.8290000000000001,0.481,1.346,-0.6579999999999999,0.961,1
0.473,1.7819999999999998,1.476,-0.1689999999999999,-0.5589999999999999,0
0.352,-0.238,0.454,2.143,-0.21,0
0.236,2.039,0.944,1.873,1.3090000000000002,0
2.0380000000000003,0.441,1.524,-0.9,0.602,1
0.094,0.449,2.424,0.757,0.612,1
1.038,-0.438,0.349,1.186,-0.373,1
3.5,-0.341,0.493,1.845,1.346,1
-0.077,2.251,-0.0819999999999999,-0.946,0.957,0
2.819,0.994,-0.311,-0.55,0.144,0
0.5870000000000001,1.6269999999999998,1.291,1.5759999999999998,1.215,0
0.6709999999999999,0.7140000000000001,0.381,0.826,-0.477,1
1.971,1.134,0.575,1.212,1.092,1
3.177,1.443,1.243,-0.648,0.074,0
0.445,2.237,2.195,2.166,1.779,1
0.415,0.284,0.695,0.27,0.439,0
0.962,0.8340000000000001,2.0780000000000003,0.868,0.238,1
2.075,2.911,2.372,1.7619999999999998,-0.911,0
1.878,2.129,-0.458,1.5519999999999998,1.2009999999999998,0
0.7240000000000001,3.256,-0.485,-0.49,-0.035,0
0.418,0.79,1.109,0.128,0.713,1
3.343,1.18,0.917,-0.499,-0.413,0
0.072,1.557,0.816,-0.648,0.314,0
0.346,0.917,0.59,-0.529,-0.775,1
-0.067,1.263,0.527,1.607,1.181,1
0.465,1.825,-0.38,-0.19,1.829,0
0.594,0.8540000000000001,-0.74,0.434,0.374,0
0.459,0.682,-0.557,1.585,1.346,1
0.883,0.6970000000000001,-0.422,1.09,-0.918,1
1.342,1.809,1.636,-0.5710000000000001,0.181,0
1.666,3.042,0.477,-0.499,-0.8140000000000001,0
2.444,1.455,1.311,0.7490000000000001,-1.058,1
1.869,0.6409999999999999,-0.426,1.837,0.758,1
1.825,2.142,1.652,-0.163,0.19,0
0.767,0.203,2.5,-0.189,1.967,0
1.404,3.424,1.005,-0.08,-0.24,0
2.406,1.17,1.511,2.1,0.593,0
0.708,2.725,-0.4270000000000001,0.213,-0.544,0
1.204,2.275,-0.346,-0.654,-0.062,0
2.3280000000000003,0.311,-0.108,-0.378,1.672,0
3.009,1.975,2.5810000000000004,0.284,-0.056,0
-0.193,1.976,-0.569,0.225,0.82,0
0.5720000000000001,0.71,-0.138,0.736,1.277,1
1.956,1.913,0.973,0.278,0.192,0
0.716,0.327,-0.79,-0.175,-0.41,0
0.609,3.202,1.497,-0.589,-0.72,1
3.221,3.405,-0.852,0.36,-0.1639999999999999,0
1.5490000000000002,1.931,0.439,0.08,-0.15,0
0.68,2.117,0.598,1.511,1.11,0
1.205,3.435,0.269,-0.5429999999999999,1.461,1
0.295,0.768,1.965,1.582,0.173,1
3.467,0.526,1.961,-0.469,-0.5429999999999999,0
0.967,0.535,0.652,1.347,1.249,1
2.158,1.405,1.531,-0.19,1.117,0
0.504,1.122,-0.6759999999999999,-0.052,1.881,0
1.271,0.289,1.764,-0.6609999999999999,-0.31,0
2.747,2.559,2.079,-0.233,-0.381,0
3.21,1.05,-0.477,-0.124,-0.067,0
0.649,2.399,0.379,-0.154,1.09,0
1.3119999999999998,1.236,-0.484,0.6759999999999999,1.734,0
0.329,1.106,-0.204,2.218,-0.8490000000000001,1
-0.8009999999999999,3.174,-0.539,1.062,0.83,0
-0.146,0.419,2.043,-0.409,1.5619999999999998,1
1.004,2.369,-0.414,-0.6559999999999999,-0.317,0
0.998,1.517,-0.283,-0.8140000000000001,0.622,0
0.473,3.057,0.591,1.48,0.8490000000000001,1
0.45,0.985,0.585,1.602,1.234,1
1.831,3.003,1.34,0.305,-0.055,0
2.87,1.769,2.176,0.264,-0.584,0
1.509,1.445,1.744,-0.523,1.251,0
1.957,2.42,1.081,0.454,-0.096,0
0.625,1.654,-0.337,-0.325,-0.296,0
0.742,1.396,1.217,0.1369999999999999,-0.134,0
2.925,1.72,-0.7909999999999999,0.422,0.0819999999999999,0
3.724,2.842,1.244,1.755,0.477,1
0.87,2.495,0.5329999999999999,-0.135,0.6920000000000001,0
0.657,2.146,0.746,1.003,1.1840000000000002,1
0.267,1.275,-0.304,0.585,0.7340000000000001,0
0.1,1.14,1.508,2.169,-0.757,1
2.9360000000000004,1.436,1.557,-0.202,-0.148,0
1.051,0.501,0.56,1.456,-0.225,0
0.8759999999999999,-0.361,-0.24,1.996,1.672,0
2.975,3.056,0.187,0.221,-0.234,0
0.077,1.491,2.488,0.978,-0.357,1
2.309,2.557,1.233,2.362,0.529,1
0.435,1.514,0.292,2.127,-0.502,0
0.236,0.358,0.394,0.634,-0.113,0
2.721,1.305,2.459,0.373,-0.181,0
1.9,0.397,0.607,0.315,-0.3670000000000001,1
2.235,1.043,1.083,-0.931,-0.296,1
1.402,0.7090000000000001,1.618,-0.308,-0.361,1
0.807,3.66,-0.234,2.32,-0.225,0
1.766,2.3,0.991,0.322,1.753,0
1.253,1.726,0.19,0.691,-0.125,0
0.21,1.505,-0.445,0.483,-0.25,0
0.112,1.212,0.921,0.5870000000000001,0.113,1
0.291,2.678,1.02,-0.08,0.126,0
-0.044,0.391,0.882,-0.482,0.986,1
2.131,1.855,-0.368,-0.154,-0.789,0
1.93,1.733,1.7919999999999998,-0.649,1.639,0
2.239,1.533,-0.464,0.089,0.625,0
0.078,2.05,0.8009999999999999,0.086,0.73,0
0.991,2.404,2.268,-0.1639999999999999,-0.125,0
1.898,3.228,-0.6829999999999999,-0.574,-0.065,0
1.036,0.579,-0.104,1.005,-0.135,0
2.879,2.911,0.83,0.945,0.293,0
0.385,2.7230000000000003,2.461,-0.373,0.65,1
0.7829999999999999,1.128,0.245,0.382,0.09,0
0.517,-0.5870000000000001,-0.29,-0.858,0.324,0
1.051,1.389,-0.177,-0.594,-0.136,0
0.918,3.66,2.735,0.754,0.083,0
0.857,0.768,-0.6709999999999999,2.249,0.838,1
0.27,2.8480000000000003,2.6830000000000003,0.184,-1.019,0
1.909,0.529,0.162,-0.225,0.619,0
1.945,2.278,0.433,-0.08,-0.08,0
0.55,2.673,-0.5670000000000001,1.461,-0.192,0
0.667,0.29,1.977,0.466,-0.099,0
0.333,2.162,0.3229999999999999,0.897,-0.304,0
0.27,1.051,0.812,0.148,-0.474,0
-0.982,1.587,2.482,0.141,-0.304,0
1.89,1.662,-0.241,0.201,1.855,0
2.32,4.32,0.48,1.385,-0.124,0
1.229,1.067,0.871,-0.7020000000000001,0.209,0
1.246,1.11,0.386,0.568,0.98,0
0.188,1.774,1.476,1.911,0.414,1
1.6569999999999998,2.024,0.684,-0.105,0.885,0
2.827,2.777,1.0490000000000002,2.3080000000000003,1.342,1
0.675,2.482,0.413,0.07,1.214,0
0.416,1.088,-0.225,-0.31,-0.8340000000000001,0
0.129,2.011,0.718,-0.557,-0.496,0
0.265,3.0410000000000004,0.665,-0.868,0.8590000000000001,0
0.723,1.508,-0.142,0.441,0.269,0
3.677,0.326,1.408,-0.072,0.7120000000000001,0
0.402,2.286,0.889,1.4509999999999998,0.273,1
1.239,0.521,-0.446,2.197,-0.6829999999999999,1
0.262,2.998,2.3080000000000003,-0.4270000000000001,0.561,0
2.763,1.909,1.331,1.7,-0.193,0
0.223,1.671,1.775,0.8140000000000001,1.4409999999999998,1
0.189,2.083,1.733,-0.179,0.083,0
3.104,0.297,-0.486,1.01,-0.047,0
1.05,3.27,-1.064,0.516,0.616,0
2.938,0.283,-0.411,-0.125,-0.516,0
0.121,2.055,-0.518,0.473,-0.086,0
3.724,2.074,1.249,0.7829999999999999,0.079,0
2.807,2.162,1.806,1.942,-0.276,0
1.89,1.741,0.6409999999999999,1.705,1.707,0
0.68,-0.217,-0.111,-0.385,0.09,0
0.338,0.47,1.4169999999999998,0.099,1.903,0
0.58,1.411,-0.45,0.679,-0.132,0
1.696,0.922,1.06,1.009,1.346,0
1.806,1.536,0.339,0.691,-0.18,0
0.133,0.296,2.52,-0.565,1.173,0
-0.125,3.51,0.735,0.104,0.114,0
1.936,1.997,0.122,1.636,-0.633,1
0.104,1.704,1.634,-0.351,-0.563,0
0.8540000000000001,0.7879999999999999,1.2819999999999998,1.364,0.831,1
1.6780000000000002,1.009,-0.599,0.3670000000000001,-0.177,0
0.693,0.468,0.173,1.39,1.046,0
0.193,1.6869999999999998,2.569,0.539,0.5489999999999999,0
0.448,1.457,2.251,-0.257,0.039,0
1.188,0.366,-0.523,1.654,-0.138,0
0.142,1.769,1.339,0.146,1.165,0
1.903,0.409,2.01,0.326,-0.233,0
0.638,1.979,0.8390000000000001,-0.413,-0.046,0
0.412,0.518,1.524,0.381,0.636,1
2.317,1.806,2.404,-0.487,-0.794,0
2.5340000000000003,1.973,0.512,0.8290000000000001,0.918,0
-0.12,2.122,2.516,0.981,1.151,0
3.467,1.276,0.41,-0.118,-0.6890000000000001,0
0.445,0.527,1.023,1.329,0.929,1
0.091,-0.6559999999999999,0.118,0.332,-0.394,0
2.327,2.733,-0.134,0.184,-0.5589999999999999,0
0.647,-1.153,1.037,-0.916,1.249,1
0.421,-0.565,-0.428,1.279,-0.7659999999999999,1
0.644,0.982,2.3040000000000003,-0.5379999999999999,-0.413,0
1.232,2.873,1.138,-0.227,0.337,0
2.217,-1.045,2.199,0.4270000000000001,1.052,0
0.711,2.0580000000000003,-0.387,2.38,-0.401,0
3.21,0.883,-0.424,-0.075,-0.092,0
0.091,2.437,1.245,0.145,-0.119,0
-0.158,2.528,1.289,1.022,-0.879,1
0.982,3.016,1.628,0.222,0.15,0
0.079,1.859,2.18,-0.873,0.081,0
1.104,0.396,0.192,1.747,-0.5710000000000001,0
0.14,2.06,-0.485,2.0380000000000003,-0.502,0
0.935,0.391,0.515,2.193,0.674,0
-0.044,0.954,-0.196,-0.276,-0.079,0
3.258,2.219,0.904,-0.6970000000000001,-0.476,0
1.077,1.578,2.9330000000000003,0.792,-0.5379999999999999,1
0.182,0.931,2.13,1.5659999999999998,-0.7020000000000001,1
1.973,0.608,0.706,0.349,-0.063,0
2.431,1.288,-0.635,-0.341,0.764,0
0.387,1.1840000000000002,0.784,1.298,-0.261,0
1.183,1.673,-0.297,0.219,1.558,0
0.301,1.414,1.251,0.722,-0.684,1
0.723,0.928,2.718,-0.141,-0.1639999999999999,0
1.706,2.278,1.3430000000000002,1.208,-0.233,0
0.42,1.266,2.206,0.462,-0.516,0
-0.079,1.256,2.31,1.067,-1.006,1
1.236,2.375,0.851,0.625,-0.356,0
1.058,0.965,1.394,1.92,1.254,1
3.256,1.595,1.6840000000000002,1.248,-0.292,1
-0.1369999999999999,1.274,2.044,1.13,0.851,1
0.281,2.139,-0.351,0.918,0.219,0
2.5580000000000003,2.568,0.954,-0.258,-0.067,0
0.287,-0.238,0.953,1.345,0.322,1
0.856,2.188,0.831,1.949,0.151,0
0.802,1.233,-0.62,-0.639,-0.062,0
2.119,0.281,-0.5710000000000001,1.743,0.55,0
1.508,1.915,0.902,2.191,-0.36,1
-0.052,0.664,1.223,1.609,-0.149,1
0.873,0.613,-0.094,1.369,-0.451,1
0.095,0.341,-0.5670000000000001,-0.605,-0.4270000000000001,0
0.26,1.713,-0.457,0.701,-0.285,0
3.868,1.885,0.983,0.129,0.39,1
3.052,2.052,0.6459999999999999,-0.747,-0.344,0
-0.195,0.86,0.513,1.584,0.892,1
0.496,0.361,2.094,0.36,0.039,0
0.188,1.958,1.781,1.411,-1.143,1
0.218,1.535,0.7090000000000001,1.089,-0.426,0
0.457,0.287,1.08,2.31,-0.061,0
3.367,3.1630000000000003,-0.664,1.209,1.2009999999999998,0
0.104,2.229,0.585,0.077,0.271,0
2.766,2.501,-0.424,-0.094,1.476,0
0.5660000000000001,1.186,0.966,-0.586,-0.455,0
1.026,2.292,-0.474,0.283,0.459,0
2.88,1.66,2.371,-0.8859999999999999,-0.366,1
0.979,1.714,1.48,-0.584,0.6509999999999999,0
0.922,1.456,2.549,0.326,-0.361,0
0.92,1.105,1.156,-0.393,1.138,1
2.222,2.8480000000000003,1.3019999999999998,-0.6659999999999999,-0.1639999999999999,0
1.09,1.412,1.199,0.5529999999999999,-0.053,0
0.5920000000000001,2.194,0.929,1.713,0.738,1
0.157,2.136,0.6759999999999999,-0.482,0.7070000000000001,0
2.971,2.596,2.556,0.476,-0.099,0
1.798,1.306,2.735,0.6609999999999999,-0.188,0
2.879,1.051,2.033,0.363,0.647,1
0.598,0.964,0.727,1.261,-0.519,1
0.812,-0.32,-0.461,0.222,-0.113,0
0.083,0.813,-1.064,-0.82,0.385,0
1.822,0.456,0.7829999999999999,2.327,0.813,0
0.622,0.72,2.371,1.058,0.65,1
1.62,1.838,0.662,0.51,0.563,1
1.24,0.8220000000000001,1.09,0.481,0.146,0
0.682,2.585,-0.456,-0.06,1.248,0
1.72,-0.825,2.58,0.545,1.853,0
2.946,1.7619999999999998,-0.294,0.442,1.114,0
0.893,2.022,-0.1369999999999999,0.422,-0.047,0
-0.32,1.518,2.633,1.003,0.892,1
2.7960000000000003,1.555,-0.44,-0.269,-0.132,0
0.789,1.6869999999999998,0.461,-0.258,-0.919,0
0.47,1.671,1.012,-0.163,-0.546,0
0.336,1.903,1.5730000000000002,0.306,-0.391,0
0.737,1.734,1.062,0.193,-0.145,0
2.833,0.285,1.294,1.024,-0.123,0
1.654,2.62,1.742,0.225,0.275,0
2.559,2.825,-0.32,0.469,0.746,0
0.368,1.101,0.16,-0.198,0.951,0
3.229,0.828,1.152,0.569,-0.061,0
0.918,2.254,2.313,1.97,1.3090000000000002,0
0.412,0.6829999999999999,1.243,-0.484,-0.214,0
0.835,2.003,1.638,2.294,0.978,0
2.912,1.23,1.276,0.481,0.487,0
-0.426,0.7290000000000001,2.021,2.405,0.782,1
0.289,0.494,2.185,1.118,-0.057,0
0.1639999999999999,1.911,1.249,-0.6729999999999999,1.38,1
0.716,2.295,2.303,1.653,1.159,0
0.085,2.164,2.2,1.121,-0.25,0
0.17,1.594,-0.618,0.098,-0.033,0
0.071,2.186,0.528,-0.8440000000000001,-0.126,0
1.3,2.5580000000000003,-0.624,1.319,0.495,1
0.182,2.344,-0.486,-0.113,0.5660000000000001,0
0.377,2.782,-0.677,-0.199,0.316,0
0.176,0.618,2.275,0.865,0.78,1
1.609,1.159,2.044,0.24,-0.076,0
2.456,2.186,1.31,0.135,0.49,0
1.864,3.1630000000000003,0.15,0.32,-0.175,0
0.32,1.655,1.577,-0.591,-0.5479999999999999,1
0.8079999999999999,1.112,1.604,-0.426,0.421,0
3.527,1.281,-0.475,0.489,-0.185,0
3.75,1.14,2.266,2.039,1.264,1
0.126,2.417,0.996,-0.365,0.133,0
2.4,3.1630000000000003,0.237,-0.616,-0.516,0
0.8240000000000001,2.64,1.878,1.116,1.503,1
-0.125,3.054,-1.22,-0.249,0.105,0
0.397,2.984,0.309,0.12,0.274,0
0.081,0.465,0.769,1.047,1.024,1
1.585,1.988,1.896,1.435,-0.358,1
1.011,2.881,-0.196,1.808,1.516,1
0.288,3.373,0.498,-0.278,-0.772,1
0.272,1.345,1.193,-0.748,1.699,1
1.472,3.17,1.358,-0.189,-0.198,0
1.105,0.534,1.3869999999999998,0.537,1.037,1
-0.314,2.205,1.166,0.487,0.6890000000000001,0
0.313,0.575,1.884,0.604,0.617,0
1.483,1.972,-0.639,0.8420000000000001,0.594,0
1.087,0.28,1.966,0.337,0.086,0
