height,lenght,area,eccen,p_black,p_and,mean_tr,blackpix,blackand,wb_trans,target
18.0,253.0,308.0,10.231,0.338,0.92,1.44,226.0,6134.0,229.0,1
11.0,186.0,4088.0,25.917,0.168,0.7859999999999999,4.75,603.0,256.0,126.0,1
23.0,233.0,135.0,25.25,0.115,0.532,5.34,607.0,1768.0,477.0,1
85.0,222.0,830.0,13.143,0.939,0.591,21.66,2746.0,930.0,28.0,2
17.0,134.0,112.0,0.778,0.081,0.6709999999999999,1.74,834.0,59.0,250.0,1
19.0,471.0,1296.0,2.333,0.478,0.968,4.54,2746.0,454.0,187.0,1
26.0,107.0,672.0,2.571,0.226,0.574,1.93,7.0,348.0,312.0,1
23.0,245.0,368.0,65.375,0.285,0.6829999999999999,1.38,188.0,975.0,291.0,1
36.0,157.0,2343.0,11.2,0.272,0.637,1.95,448.0,3591.0,256.0,1
17.0,99.0,1890.0,33.875,0.344,0.778,2.25,493.0,240.0,138.0,1
22.0,541.0,5392.0,12.444,0.92,0.583,63.75,628.0,349.0,155.0,2
17.0,14.0,392.0,17.778,0.386,0.696,3.88,308.0,1881.0,356.0,1
18.0,37.0,1225.0,11.625,0.523,0.947,1.44,304.0,1055.0,200.0,1
212.0,221.0,272.0,21.556,0.303,0.382,1.07,1404.0,66.0,59.0,1
136.0,147.0,609.0,28.286,0.889,0.066,15.17,11.0,1449.0,126.0,2
91.0,126.0,45760.0,23.429,0.378,0.8490000000000001,1.21,58.0,1145.0,13.0,1
8.0,408.0,2790.0,10.889,0.5920000000000001,0.608,7.21,202.0,1957.0,109.0,1
67.0,525.0,79.0,107.0,0.504,0.927,4.5,4645.0,417.0,305.0,2
14.0,37.0,1332.0,28.2,0.279,0.838,4.63,278.0,508.0,22.0,1
23.0,72.0,375.0,8.708,0.381,0.941,1.81,391.0,440.0,424.0,1
10.0,141.0,5499.0,23.875,0.499,0.664,1.38,515.0,55.0,501.0,1
13.0,419.0,1926.0,19.2,0.221,0.957,2.99,143.0,258.0,156.0,1
22.0,262.0,1310.0,21.5,0.675,0.59,1.37,137.0,434.0,81.0,1
16.0,499.0,427.0,17.222,0.368,0.848,7.21,3192.0,323.0,293.0,1
11.0,84.0,2688.0,16.857,0.417,0.575,1.24,461.0,541.0,294.0,1
32.0,395.0,904.0,9.364,0.23,0.916,11.5,408.0,242.0,401.0,5
168.0,245.0,869.0,43.25,0.183,0.799,2.99,306.0,3238.0,126.0,1
24.0,185.0,4480.0,1.917,0.095,0.7490000000000001,2.32,124.0,1507.0,646.0,1
11.0,163.0,1300.0,0.429,0.75,0.7240000000000001,2.22,491.0,2904.0,234.0,1
11.0,138.0,3819.0,7.182,0.326,0.929,4.71,40.0,1997.0,10.0,1
84.0,288.0,2620.0,57.778,0.424,0.481,4.82,123.0,3293.0,172.0,2
5.0,102.0,4080.0,8.7,0.166,0.613,1.03,331.0,208.0,326.0,1
45.0,69.0,3105.0,2.125,0.327,0.947,2.23,2292.0,157.0,161.0,1
11.0,46.0,112.0,15.429,0.269,0.563,1.41,274.0,1841.0,479.0,1
23.0,114.0,5200.0,11.429,0.305,0.545,10.86,254.0,533.0,186.0,1
6.0,271.0,735.0,13.889,0.183,0.778,1.64,575.0,43.0,336.0,1
39.0,18.0,1864.0,13.778,0.5660000000000001,0.813,1.42,550.0,330.0,530.0,1
14.0,174.0,480.0,33.444,0.342,0.956,1.58,869.0,3623.0,48.0,1
95.0,153.0,8160.0,0.5710000000000001,0.253,0.955,7.77,7238.0,1247.0,137.0,1
25.0,322.0,250.0,9.333,0.357,0.308,4.0,1109.0,305.0,139.0,1
14.0,197.0,4248.0,23.75,0.337,0.828,2.36,72.0,374.0,152.0,1
94.0,118.0,2800.0,21.455,0.628,0.8859999999999999,136.6,715.0,1600.0,671.0,4
39.0,152.0,4537.0,10.387,0.3720000000000001,0.7879999999999999,20.75,222.0,3467.0,129.0,1
14.0,177.0,990.0,31.286,0.225,0.521,1.66,2885.0,1449.0,300.0,1
11.0,229.0,4225.0,6.8420000000000005,0.5920000000000001,0.633,1.7,517.0,59.0,116.0,1
9.0,160.0,711.0,38.556,0.357,0.75,2.37,559.0,1279.0,345.0,1
12.0,37.0,1716.0,5.222,0.924,0.8390000000000001,1.27,199.0,905.0,317.0,1
79.0,66.0,576.0,2.571,0.486,0.346,1.72,1554.0,1526.0,88.0,1
10.0,170.0,1467.0,17.625,0.261,0.6829999999999999,1.64,79.0,914.0,351.0,1
28.0,510.0,3384.0,10.727,0.62,0.93,4.73,76.0,744.0,258.0,1
5.0,133.0,2768.0,39.8,0.344,0.945,1.63,461.0,416.0,228.0,1
11.0,83.0,352.0,0.5710000000000001,0.089,0.911,1.63,24.0,3377.0,155.0,1
13.0,424.0,720.0,22.857,0.298,0.95,1.49,187.0,1071.0,81.0,1
14.0,83.0,1980.0,1.625,0.226,0.895,53.0,380.0,1080.0,258.0,1
100.0,525.0,532.0,19.364,0.368,0.6779999999999999,3.2,147.0,1810.0,421.0,1
24.0,414.0,1533.0,1.194,0.5379999999999999,0.7020000000000001,1.95,81.0,775.0,448.0,1
11.0,42.0,4396.0,26.25,0.946,0.913,1.95,2248.0,96.0,151.0,1
5.0,83.0,145.0,24.0,0.313,0.157,1.31,376.0,141.0,339.0,1
53.0,52.0,348.0,268.0,0.872,0.902,38.43,408.0,402.0,525.0,2
24.0,241.0,296.0,6.385,0.247,0.8859999999999999,5.9,50.0,387.0,316.0,1
14.0,315.0,3633.0,1.2,0.475,0.947,2.11,2774.0,375.0,585.0,1
13.0,376.0,12996.0,22.5,0.249,0.8370000000000001,3.33,179.0,28.0,236.0,1
11.0,422.0,3160.0,1.6669999999999998,0.262,0.99,3.19,597.0,465.0,414.0,1
11.0,535.0,4806.0,1.4240000000000002,0.65,0.779,1.92,28.0,948.0,133.0,1
11.0,280.0,2808.0,34.444,0.6559999999999999,0.857,1.93,593.0,73.0,60.0,1
38.0,492.0,465.0,26.5,0.931,0.594,2.86,364.0,103.0,614.0,1
17.0,121.0,135.0,20.111,0.375,0.784,2.11,4607.0,1293.0,311.0,1
11.0,162.0,980.0,0.667,0.433,0.752,2.04,5290.0,274.0,248.0,1
44.0,524.0,1190.0,6.8,0.339,0.305,9.9,61.0,138.0,462.0,4
11.0,165.0,2981.0,2.4,0.267,0.95,7.6,235.0,372.0,107.0,1
38.0,104.0,112.0,1.75,0.362,0.753,2.14,445.0,99.0,432.0,1
132.0,108.0,8533.0,21.417,0.846,0.408,7.57,773.0,2340.0,515.0,2
13.0,51.0,80.0,15.429,0.373,0.954,1.27,8027.0,2044.0,61.0,1
24.0,180.0,429.0,8.889,0.2,0.872,8.11,102.0,2297.0,16.0,1
4.0,56.0,679.0,3.727,0.379,0.7509999999999999,1.58,337.0,567.0,71.0,1
26.0,150.0,49.0,9.444,0.296,0.483,1.61,115.0,740.0,96.0,1
11.0,38.0,483.0,24.313,0.2,0.974,2.25,433.0,1113.0,31.0,1
79.0,122.0,96.0,14.4,0.447,0.386,3.59,1956.0,350.0,324.0,1
91.0,498.0,131.0,4.636,0.526,0.985,9.8,116.0,641.0,888.0,5
59.0,58.0,6672.0,1.833,0.363,0.957,2.05,390.0,614.0,488.0,1
117.0,256.0,1380.0,10.1,0.649,0.5,16.66,631.0,59.0,885.0,4
23.0,23.0,4088.0,26.667,0.409,0.912,5.56,454.0,344.0,61.0,1
16.0,25.0,1435.0,86.333,0.188,0.938,62.44,81.0,786.0,129.0,1
11.0,227.0,199.0,26.667,0.376,0.8059999999999999,2.63,16.0,547.0,251.0,1
12.0,343.0,473.0,9.625,0.299,0.696,1.27,536.0,1558.0,245.0,1
86.0,60.0,1744.0,56.0,0.157,0.797,4.88,259.0,1965.0,168.0,5
53.0,239.0,2035.0,66.875,0.2,0.7,1.24,520.0,804.0,501.0,1
10.0,92.0,1026.0,1.607,0.384,0.5670000000000001,1.41,612.0,1190.0,87.0,1
65.0,341.0,5880.0,3.417,0.5529999999999999,0.752,16.68,1232.0,2002.0,839.0,2
26.0,266.0,882.0,8.625,0.155,0.918,2.91,289.0,1813.0,89.0,1
11.0,375.0,416.0,26.2,0.343,0.358,3.43,555.0,103.0,60.0,1
11.0,82.0,3192.0,26.25,0.433,0.758,2.78,281.0,55.0,651.0,1
11.0,182.0,2412.0,11.9,0.251,0.5,2.12,838.0,328.0,56.0,1
23.0,410.0,1233.0,3.6,0.362,0.778,1.27,501.0,471.0,119.0,1
25.0,190.0,328.0,27.857,0.335,0.782,2.41,1317.0,86.0,139.0,1
67.0,141.0,954.0,2.136,0.296,0.904,1.69,116.0,713.0,46.0,1
6.0,38.0,340.0,31.917,0.442,0.818,34.0,1019.0,742.0,46.0,1
11.0,346.0,80.0,12.6,0.214,0.742,2.23,684.0,1129.0,238.0,1
11.0,257.0,272.0,0.733,0.524,0.986,1.95,355.0,686.0,307.0,1
11.0,352.0,364.0,1.3330000000000002,0.268,0.8859999999999999,5.54,206.0,3793.0,84.0,1
11.0,150.0,1034.0,13.1,0.248,0.518,1.36,108.0,1002.0,184.0,1
17.0,38.0,4130.0,1.2,0.272,0.865,4.0,388.0,10409.0,75.0,1
16.0,390.0,2088.0,7.6,0.2,0.602,4.53,261.0,663.0,330.0,1
74.0,267.0,1540.0,1.889,0.429,0.8240000000000001,1.46,470.0,325.0,238.0,1
71.0,217.0,672.0,20.571,0.369,0.778,1.66,2497.0,467.0,91.0,1
77.0,99.0,1170.0,46.455,0.52,0.5,1.47,909.0,2800.0,152.0,1
11.0,201.0,1664.0,18.9,0.321,0.725,1.77,290.0,441.0,525.0,1
23.0,409.0,1520.0,7.636,0.313,0.8859999999999999,2.22,335.0,691.0,80.0,1
174.0,336.0,1616.0,23.0,0.907,0.326,36.38,569.0,2056.0,427.0,2
11.0,109.0,3732.0,31.7,0.258,0.922,8.06,872.0,7295.0,67.0,1
32.0,218.0,812.0,9.375,0.376,0.396,23.62,470.0,912.0,412.0,1
86.0,325.0,1510.0,9.375,0.209,0.4320000000000001,21.36,708.0,431.0,180.0,5
58.0,537.0,15.0,152.0,0.445,0.606,13.5,781.0,257.0,314.0,2
11.0,547.0,2048.0,11.625,0.5760000000000001,0.768,7.62,500.0,51.0,138.0,1
33.0,168.0,2511.0,5.375,0.189,0.983,1.59,546.0,4035.0,221.0,1
11.0,90.0,4248.0,2.0,0.6,0.868,7.47,324.0,793.0,486.0,1
17.0,311.0,1200.0,65.625,0.308,0.596,36.5,240.0,102.0,80.0,1
23.0,349.0,144.0,0.636,0.5489999999999999,0.621,21.29,180.0,102.0,41.0,1
10.0,203.0,1304.0,10.8,0.383,0.733,9.17,171.0,4316.0,209.0,1
11.0,282.0,300.0,3.8,0.269,0.912,1.53,2610.0,315.0,83.0,1
52.0,261.0,6832.0,1.375,0.302,0.984,2.81,215.0,1539.0,530.0,1
11.0,99.0,121.0,22.8,0.206,0.762,3.18,805.0,508.0,56.0,1
11.0,178.0,1326.0,1.5,0.171,0.79,5.15,2178.0,429.0,420.0,1
11.0,346.0,21.0,2.1,0.4270000000000001,0.669,2.41,292.0,1248.0,46.0,1
11.0,43.0,328.0,2.444,0.332,0.395,1.68,1019.0,4117.0,61.0,1
13.0,121.0,1330.0,30.143,0.299,0.763,15.22,49.0,1868.0,19.0,1
24.0,509.0,429.0,22.471,0.393,0.402,7.86,3604.0,32.0,77.0,1
2.0,129.0,13767.0,15.125,0.882,0.469,3.54,417.0,79.0,139.0,2
19.0,257.0,19789.0,2.857,0.318,0.8370000000000001,2.14,1906.0,2654.0,134.0,1
16.0,130.0,4554.0,2.5,0.1639999999999999,0.897,11.84,71.0,1215.0,38.0,1
79.0,414.0,190.0,5.25,0.72,0.966,6.3,1791.0,364.0,89.0,1
13.0,88.0,8533.0,5.332999999999998,0.455,0.875,2.27,152.0,2323.0,403.0,1
79.0,152.0,510.0,4.636,0.42,0.85,1.38,311.0,37.0,366.0,1
53.0,181.0,1274.0,6.143,0.231,0.848,16.57,249.0,1072.0,11.0,1
17.0,158.0,3090.0,12.813,0.654,0.935,1.25,964.0,251.0,398.0,1
23.0,305.0,3684.0,8.167,0.174,0.292,2.85,589.0,1154.0,41.0,1
14.0,262.0,413.0,5.888999999999999,0.392,0.8440000000000001,2.13,537.0,36.0,227.0,1
128.0,534.0,6560.0,2.5,0.357,0.541,1.31,245.0,2437.0,80.0,1
48.0,236.0,4760.0,1.005,0.938,0.618,16.83,193.0,2872.0,658.0,2
23.0,84.0,1974.0,17.0,0.1639999999999999,0.6809999999999999,1.36,1833.0,895.0,339.0,1
47.0,181.0,1730.0,1.625,0.369,0.897,257.0,89.0,149.0,300.0,1
261.0,278.0,130.0,2.625,0.303,0.095,1.39,19.0,561.0,53.0,1
13.0,251.0,49.0,0.9,0.172,0.853,2.01,469.0,230.0,21.0,1
28.0,109.0,904.0,15.25,0.34,0.5479999999999999,4.7,65.0,424.0,54.0,1
311.0,141.0,455.0,16.429000000000002,0.61,0.915,5.74,712.0,582.0,21.0,1
11.0,230.0,9982.0,19.25,0.369,0.87,15.9,477.0,422.0,229.0,1
22.0,75.0,1332.0,4.25,0.155,0.823,2.24,525.0,1975.0,98.0,1
13.0,135.0,8064.0,9.7,0.267,0.276,5.28,95.0,155.0,36.0,1
168.0,261.0,5070.0,7.332999999999998,0.355,0.529,2.56,61.0,385.0,129.0,1
29.0,316.0,6528.0,2.667,0.449,0.962,1.58,1109.0,1802.0,302.0,1
11.0,535.0,80.0,2.222,0.556,0.964,1.07,24.0,6053.0,336.0,1
37.0,465.0,8160.0,1.4240000000000002,0.283,0.99,7.28,101.0,163.0,20.0,5
23.0,122.0,220.0,10.5,0.059,0.727,7.4,1773.0,355.0,19.0,1
212.0,399.0,871.0,89.0,0.241,0.792,1.86,1595.0,1350.0,321.0,1
17.0,170.0,575.0,8.7,0.2,0.87,2.25,560.0,358.0,257.0,1
18.0,42.0,721.0,16.2,0.126,0.271,50.0,1136.0,1349.0,75.0,2
11.0,297.0,665.0,31.556,0.281,0.56,1.21,767.0,433.0,220.0,1
24.0,96.0,2184.0,4.75,0.344,0.268,1.28,246.0,507.0,23.0,1
20.0,157.0,112.0,18.44400000000001,0.294,0.918,1.92,2164.0,1086.0,25.0,1
28.0,412.0,893.0,24.0,0.334,0.991,3.89,588.0,995.0,51.0,1
11.0,399.0,264.0,2.3080000000000003,0.209,0.7829999999999999,11.84,520.0,695.0,42.0,1
5.0,84.0,1099.0,6.375,0.371,0.98,5.2,106.0,510.0,624.0,1
41.0,245.0,935.0,13.818,0.421,0.991,4.17,629.0,2282.0,181.0,1
9.0,80.0,160.0,4.0,0.123,0.943,10.17,47.0,1065.0,112.0,1
19.0,195.0,750.0,14.286,0.52,0.652,5.55,455.0,222.0,461.0,1
19.0,201.0,627.0,6.143,0.308,0.5479999999999999,2.09,26.0,324.0,338.0,1
136.0,292.0,4599.0,19.625,0.272,0.435,4.67,151.0,2338.0,25.0,1
11.0,141.0,2814.0,12.286,0.308,0.992,5.5,705.0,948.0,64.0,1
18.0,90.0,2618.0,2.4730000000000003,0.431,0.6759999999999999,1.7,491.0,98.0,525.0,1
10.0,243.0,434.0,8.125,0.602,0.6609999999999999,1.27,189.0,659.0,75.0,1
26.0,419.0,490.0,7.222,0.267,0.778,2.72,24.0,153.0,196.0,1
23.0,453.0,4797.0,9.067,0.4320000000000001,0.778,1.28,139.0,2126.0,96.0,1
11.0,45.0,1092.0,0.7140000000000001,0.33,0.768,2.34,984.0,811.0,112.0,1
20.0,282.0,114.0,4.143,0.243,0.947,3.04,2502.0,2201.0,34.0,1
11.0,99.0,1000.0,38.556,0.479,0.672,4.55,832.0,3342.0,218.0,1
36.0,126.0,330.0,7.4,0.096,0.909,1.92,22.0,146.0,9.0,1
17.0,218.0,408.0,4.125,0.759,0.8420000000000001,1.9,3392.0,2215.0,398.0,1
17.0,80.0,1472.0,177.0,0.134,0.918,4.87,210.0,1003.0,314.0,1
11.0,60.0,140.0,13.889,0.223,0.7190000000000001,1.25,2258.0,1722.0,99.0,1
28.0,3.0,200.0,13.6,0.417,0.649,43.48,637.0,305.0,84.0,1
11.0,171.0,957.0,27.933000000000003,0.155,0.759,1.4,2508.0,456.0,73.0,1
10.0,334.0,378.0,1.6,0.37,0.7440000000000001,2.36,353.0,1178.0,78.0,1
14.0,150.0,3280.0,46.455,0.357,0.67,5.93,132.0,273.0,214.0,1
59.0,258.0,2490.0,6.9,0.375,0.286,1.65,1482.0,479.0,83.0,1
18.0,243.0,102.0,18.6,0.376,0.937,1.39,1681.0,1287.0,551.0,1
14.0,404.0,3322.0,162.5,0.366,0.764,1.81,166.0,478.0,131.0,1
6.0,271.0,270.0,2.571,0.5329999999999999,0.915,2.67,179.0,902.0,282.0,1
11.0,200.0,80.0,29.214,0.6890000000000001,0.723,2.88,299.0,2425.0,343.0,1
23.0,203.0,45.0,6.1,0.27,0.737,1.32,326.0,574.0,1142.0,1
24.0,209.0,876.0,1.7,0.373,0.6609999999999999,1.28,2894.0,1400.0,140.0,1
11.0,332.0,675.0,139.5,0.316,0.937,1.38,2599.0,369.0,421.0,1
23.0,186.0,1330.0,53.5,0.375,0.871,1.63,417.0,448.0,374.0,1
17.0,220.0,312.0,26.308000000000003,0.583,0.518,1.2,1053.0,203.0,243.0,1
8.0,137.0,786.0,11.852,0.226,0.723,1.68,81.0,524.0,269.0,1
17.0,256.0,1560.0,14.7,0.39,0.982,2.26,317.0,1887.0,330.0,1
11.0,250.0,3168.0,9.625,0.266,0.523,1.26,3799.0,246.0,455.0,1
13.0,497.0,368.0,11.9,0.443,0.5479999999999999,1.94,131.0,790.0,33.0,1
14.0,330.0,3972.0,24.727,0.277,0.757,3.57,76.0,2136.0,362.0,1
22.0,215.0,238.0,1.6,0.2,0.723,1.27,2670.0,4204.0,245.0,1
34.0,322.0,4564.0,11.625,0.368,0.631,1.58,1664.0,738.0,479.0,1
1.0,82.0,165.0,6.545,0.315,0.175,2.45,761.0,197.0,35.0,1
17.0,281.0,558.0,2.222,0.311,0.967,1.34,323.0,4497.0,80.0,1
86.0,38.0,1053.0,20.143,0.109,0.984,3.03,135.0,139.0,323.0,1
11.0,80.0,864.0,1.0,0.47,0.944,4.97,179.0,646.0,455.0,1
21.0,187.0,3822.0,5.0,0.466,0.852,2.49,308.0,592.0,373.0,1
33.0,121.0,3360.0,18.9,0.052,0.759,1.36,58.0,9403.0,246.0,1
23.0,330.0,190.0,60.0,0.33,0.157,1.32,159.0,252.0,253.0,1
14.0,200.0,369.0,0.667,0.388,0.851,1.33,1636.0,3424.0,220.0,1
23.0,382.0,23972.0,5.888999999999999,0.296,0.493,17.44,455.0,310.0,65.0,1
11.0,433.0,276.0,5.2860000000000005,0.175,0.6759999999999999,1.55,351.0,3307.0,68.0,1
17.0,150.0,4581.0,4.333,0.542,0.452,5.8,1053.0,2402.0,103.0,1
58.0,155.0,2259.0,26.5,0.378,0.929,1.55,954.0,145.0,63.0,1
11.0,92.0,1232.0,0.8,0.236,0.268,1.7,1034.0,1712.0,752.0,1
54.0,393.0,44416.0,33.6,0.392,0.959,29.78,6238.0,1172.0,26.0,5
11.0,274.0,4746.0,0.583,0.123,0.468,2.11,202.0,1784.0,145.0,1
18.0,299.0,2200.0,0.889,0.278,0.861,1.74,921.0,1007.0,210.0,1
22.0,272.0,384.0,59.556,0.482,0.7440000000000001,1.35,150.0,1060.0,14.0,1
24.0,367.0,1242.0,11.455,0.307,0.51,3.87,283.0,556.0,718.0,1
13.0,343.0,684.0,26.9,0.302,0.956,14.19,354.0,1813.0,66.0,1
11.0,344.0,222.0,0.667,0.265,0.974,2.89,205.0,669.0,224.0,1
10.0,137.0,56.0,14.429,0.324,0.7190000000000001,1.07,72.0,2791.0,264.0,1
212.0,435.0,2744.0,16.817999999999998,0.101,0.409,22.5,583.0,369.0,428.0,5
31.0,291.0,804.0,9.75,0.201,0.96,4.36,979.0,872.0,66.0,1
91.0,487.0,160.0,25.313,0.462,0.846,4.69,164.0,366.0,339.0,1
13.0,275.0,1540.0,5.091,0.4920000000000001,0.922,1.94,483.0,3988.0,205.0,1
14.0,88.0,2142.0,22.091,0.3720000000000001,0.464,5.1,219.0,1141.0,403.0,1
9.0,535.0,610.0,12.7,0.2,0.948,4.48,117.0,10.0,101.0,1
11.0,336.0,4113.0,4.9,0.308,0.789,1.06,455.0,1145.0,207.0,1
23.0,102.0,1470.0,22.846,0.281,0.982,3.29,189.0,3670.0,316.0,1
3.0,309.0,5340.0,1.364,0.298,0.7879999999999999,1.84,22.0,628.0,342.0,1
11.0,95.0,12561.0,1.875,0.645,0.7170000000000001,2.34,714.0,1674.0,32.0,1
39.0,162.0,1070.0,9.286,0.179,0.175,29.0,2459.0,2091.0,381.0,2
6.0,286.0,567.0,5.125,0.263,0.733,1.64,404.0,1196.0,336.0,1
14.0,52.0,882.0,21.5,0.278,0.917,2.75,254.0,238.0,35.0,1
95.0,135.0,3212.0,1.3330000000000002,0.223,0.374,1.63,389.0,159.0,24.0,1
11.0,273.0,315.0,5.0,0.206,0.703,2.61,563.0,2940.0,137.0,1
45.0,299.0,88.0,5.154,0.308,0.794,1.32,328.0,3276.0,449.0,1
24.0,183.0,140.0,26.063,0.34,0.939,2.79,456.0,292.0,19.0,1
11.0,535.0,532.0,26.44400000000001,0.128,0.7979999999999999,1.76,78.0,2979.0,97.0,1
11.0,103.0,576.0,5.765,0.221,0.995,24.36,1490.0,3685.0,47.0,1
158.0,359.0,4488.0,0.095,0.716,0.095,100.33,743.0,2338.0,238.0,2
11.0,474.0,1562.0,2.1,0.357,0.477,2.73,174.0,3643.0,163.0,1
17.0,390.0,3684.0,1.818,0.279,0.7290000000000001,1.38,16.0,753.0,27.0,1
17.0,294.0,259.0,101.33,0.42,0.7929999999999999,3.4,164.0,398.0,102.0,1
23.0,532.0,400.0,2.727,0.847,0.843,1.3,73.0,1774.0,274.0,1
11.0,80.0,915.0,28.143,0.389,0.863,1.48,19.0,539.0,632.0,1
18.0,156.0,120.0,28.778,0.379,0.965,2.1,2792.0,1068.0,142.0,1
17.0,53.0,429.0,34.167,0.056,0.846,2.41,181.0,149.0,149.0,1
17.0,80.0,1380.0,7.75,0.358,0.706,4.87,165.0,750.0,310.0,1
17.0,305.0,49.0,2.7,0.359,0.72,1.08,504.0,961.0,146.0,1
17.0,192.0,304.0,5.625,0.268,0.7040000000000001,1.32,920.0,1196.0,373.0,1
22.0,319.0,704.0,1.3,0.454,0.8740000000000001,1.27,77.0,2531.0,217.0,1
3.0,49.0,22680.0,6.2,0.163,0.922,1.85,295.0,1865.0,632.0,1
197.0,520.0,2862.0,5.25,0.404,0.809,5.54,125.0,2399.0,126.0,2
47.0,337.0,1081.0,2.6,0.466,0.375,2.42,2774.0,1280.0,82.0,1
65.0,457.0,3087.0,12.182,0.955,0.258,4.56,347.0,1776.0,373.0,2
2.0,537.0,940.0,30.769,0.977,0.421,61.0,743.0,1322.0,17.0,2
19.0,91.0,2490.0,6.091,0.474,0.905,1.87,243.0,990.0,102.0,1
76.0,292.0,147.0,38.667,0.846,0.095,11.88,213.0,868.0,115.0,2
11.0,187.0,729.0,10.714,0.245,0.476,2.3,758.0,1615.0,378.0,1
430.0,269.0,1690.0,6.6110000000000015,0.4320000000000001,0.815,2.08,100.0,1434.0,455.0,1
13.0,158.0,2048.0,5.625,0.536,0.797,2.88,703.0,461.0,220.0,1
23.0,42.0,440.0,59.444,0.537,0.765,3.88,755.0,66.0,49.0,1
23.0,356.0,609.0,23.923,0.095,0.762,2.75,69.0,3988.0,246.0,1
19.0,92.0,1750.0,30.25,0.326,0.5870000000000001,2.5,824.0,116.0,131.0,1
11.0,243.0,323.0,5.0,0.3720000000000001,0.897,1.87,299.0,421.0,66.0,1
261.0,116.0,3107.0,5.8,0.526,0.737,127.0,1325.0,2924.0,223.0,2
23.0,38.0,2168.0,27.667,0.485,0.672,2.71,538.0,153.0,113.0,1
3.0,29.0,1566.0,16.444000000000006,0.905,0.976,3.25,193.0,277.0,575.0,1
13.0,399.0,665.0,18.385,0.26,0.575,5.34,430.0,315.0,114.0,1
24.0,201.0,1000.0,11.9,0.275,0.7609999999999999,1.14,439.0,60.0,43.0,1
4.0,410.0,576.0,2.6,0.248,0.606,2.32,1084.0,1108.0,107.0,1
17.0,326.0,490.0,12.7,0.373,0.98,1.58,179.0,1647.0,21.0,1
68.0,16.0,4020.0,152.0,0.115,0.584,3.05,441.0,801.0,149.0,2
100.0,130.0,4602.0,15.714,0.264,0.615,1.89,2236.0,181.0,236.0,1
11.0,120.0,3710.0,24.857,0.358,0.852,1.33,834.0,783.0,27.0,1
17.0,168.0,6474.0,89.0,0.27,0.7859999999999999,5.5,1619.0,4287.0,19.0,1
6.0,266.0,88.0,8.182,0.342,0.948,2.75,39.0,171.0,311.0,1
34.0,304.0,1256.0,8.167,0.321,0.8859999999999999,1.43,535.0,1727.0,378.0,1
11.0,69.0,693.0,2.875,0.262,0.664,4.33,606.0,372.0,50.0,1
23.0,435.0,2896.0,23.875,0.2,0.991,3.43,401.0,836.0,129.0,1
24.0,150.0,680.0,2.222,0.277,0.731,2.51,162.0,1026.0,151.0,1
128.0,178.0,496.0,10.579,0.443,0.94,4.53,326.0,1813.0,27.0,1
54.0,16.0,1953.0,31.5,0.131,0.436,277.0,2164.0,1279.0,576.0,5
52.0,175.0,220.0,22.44400000000001,0.4,0.381,2.35,593.0,3262.0,444.0,1
22.0,190.0,2590.0,3.625,0.281,0.987,2.16,58.0,146.0,61.0,1
11.0,175.0,264.0,57.778,0.371,0.74,1.28,606.0,2139.0,306.0,1
16.0,185.0,2752.0,1.875,0.1669999999999999,0.8079999999999999,2.87,2268.0,67.0,39.0,1
14.0,123.0,737.0,3.167,0.446,0.968,9.5,443.0,268.0,120.0,1
22.0,509.0,5304.0,5.25,0.126,0.8690000000000001,4.75,182.0,574.0,385.0,1
14.0,391.0,3684.0,25.1,0.1639999999999999,0.838,3.29,17.0,2011.0,41.0,1
77.0,56.0,660.0,17.444000000000006,0.461,0.753,1.61,2170.0,408.0,408.0,1
11.0,106.0,56.0,14.25,0.077,0.7190000000000001,2.9,593.0,2437.0,169.0,1
11.0,267.0,1116.0,11.9,0.257,0.7440000000000001,7.24,1988.0,919.0,353.0,1
24.0,346.0,445.0,31.7,0.5589999999999999,0.885,2.06,715.0,639.0,274.0,1
13.0,271.0,374.0,1.3330000000000002,0.487,0.767,3.6,295.0,5944.0,390.0,1
11.0,228.0,297.0,29.071,0.249,0.5479999999999999,1.26,593.0,1033.0,108.0,1
11.0,229.0,324.0,22.571,0.24,0.944,1.25,838.0,114.0,129.0,1
77.0,82.0,1704.0,4.0710000000000015,0.23,0.943,7.28,304.0,3254.0,36.0,1
11.0,52.0,2720.0,13.857,0.32,0.807,4.43,92.0,2990.0,260.0,1
19.0,282.0,9999.0,4.444,0.993,0.514,11.57,445.0,415.0,61.0,1
11.0,175.0,2050.0,0.667,0.185,0.71,1.13,17.0,103.0,343.0,1
11.0,364.0,8160.0,0.479,0.516,0.615,1.65,1689.0,3069.0,103.0,1
26.0,132.0,700.0,11.5,0.423,0.8490000000000001,1.71,12631.0,1668.0,234.0,1
17.0,211.0,1694.0,0.647,0.818,0.6559999999999999,3.03,282.0,443.0,107.0,1
4.0,49.0,12996.0,18.889,0.347,0.71,1.45,377.0,2523.0,674.0,1
38.0,93.0,2710.0,27.111,0.337,0.7509999999999999,5.19,676.0,383.0,53.0,1
11.0,222.0,913.0,24.727,0.347,0.938,1.38,731.0,122.0,121.0,1
23.0,206.0,264.0,56.778,0.183,0.765,1.45,650.0,123.0,191.0,1
44.0,408.0,220.0,0.429,0.393,0.792,4.45,791.0,1632.0,481.0,1
7.0,262.0,112.0,8.7,0.321,0.8859999999999999,1.08,50.0,1625.0,339.0,1
11.0,127.0,602.0,63.5,0.3,0.682,2.64,195.0,1168.0,98.0,1
26.0,79.0,2035.0,2.8,0.32,0.48,9.17,676.0,1272.0,27.0,1
804.0,356.0,1404.0,15.0,0.517,0.82,2.71,24.0,190.0,377.0,1
26.0,410.0,2630.0,20.111,0.643,0.8320000000000001,1.34,923.0,415.0,31.0,1
25.0,212.0,1304.0,20.538,0.445,0.957,2.89,162.0,678.0,19.0,1
24.0,207.0,56.0,8.714,0.329,0.514,1.24,2546.0,364.0,196.0,1
44.0,300.0,465.0,0.012,0.378,0.417,7.13,505.0,1039.0,208.0,4
18.0,111.0,5350.0,42.5,0.1669999999999999,0.877,4.53,117.0,1771.0,66.0,1
23.0,83.0,4272.0,2.667,0.216,0.913,2.2,231.0,1005.0,44.0,1
11.0,367.0,68.0,27.286,0.433,0.792,2.34,587.0,2039.0,164.0,1
14.0,285.0,78.0,14.188,0.311,0.848,2.92,1574.0,1675.0,359.0,1
8.0,125.0,1782.0,17.867,0.406,0.8290000000000001,2.25,251.0,767.0,98.0,1
11.0,171.0,871.0,59.556,0.416,0.632,2.87,285.0,2062.0,358.0,1
18.0,415.0,1078.0,0.115,0.105,0.466,1.27,738.0,1767.0,123.0,1
15.0,497.0,1620.0,5.167000000000002,0.524,0.8190000000000001,1.3,563.0,400.0,252.0,1
13.0,404.0,72.0,1.6669999999999998,0.468,0.96,4.51,7667.0,205.0,56.0,1
11.0,85.0,3267.0,0.9,0.238,0.5,1.36,862.0,2670.0,56.0,1
11.0,297.0,1864.0,9.6,0.316,0.486,2.08,19.0,1279.0,41.0,1
3.0,305.0,2820.0,3.818,0.6,0.857,11.52,891.0,1237.0,537.0,1
65.0,533.0,169.0,33.308,0.716,0.07,2.0,266.0,340.0,569.0,5
11.0,68.0,385.0,20.571,0.426,0.392,1.54,197.0,3108.0,316.0,1
77.0,86.0,56.0,12.111,0.462,0.893,1.82,1034.0,4017.0,393.0,1
26.0,112.0,582.0,8.6,0.191,0.569,1.68,623.0,4390.0,19.0,1
17.0,89.0,2176.0,0.917,0.393,0.903,1.63,87.0,844.0,119.0,1
28.0,64.0,913.0,29.667,0.436,0.8340000000000001,2.91,1317.0,516.0,71.0,1
16.0,150.0,193.0,6.375,0.24,0.856,4.75,542.0,1597.0,338.0,1
17.0,198.0,954.0,13.1,0.619,0.762,1.47,89.0,1965.0,192.0,1
59.0,201.0,2500.0,2.667,0.155,0.909,1.22,4246.0,1265.0,276.0,1
12.0,342.0,240.0,36.833,0.272,0.92,1.54,683.0,709.0,215.0,1
38.0,348.0,5304.0,37.889,0.161,0.711,4.15,538.0,444.0,145.0,1
9.0,245.0,10250.0,30.143,0.316,0.773,1.64,200.0,1804.0,391.0,1
17.0,259.0,4815.0,1.875,0.234,0.838,2.05,1027.0,72.0,41.0,1
3.0,178.0,81.0,12.333,0.353,0.509,62.81,309.0,1055.0,36.0,1
14.0,44.0,582.0,1.923,0.924,0.8859999999999999,5.1,502.0,253.0,390.0,1
24.0,298.0,49.0,23.429,0.245,0.569,9.5,1212.0,44.0,133.0,1
11.0,150.0,55.0,36.833,0.355,0.947,1.29,888.0,252.0,195.0,1
18.0,268.0,826.0,17.273,0.268,0.625,1.07,5290.0,330.0,91.0,1
69.0,295.0,777.0,268.5,0.475,0.308,15.84,991.0,2701.0,244.0,2
197.0,29.0,2360.0,8.545,0.495,0.439,67.82,609.0,8.0,222.0,5
11.0,64.0,856.0,27.857,0.302,0.7440000000000001,1.64,65.0,1225.0,364.0,1
24.0,346.0,301.0,31.385,0.311,0.84,1.38,153.0,166.0,55.0,1
23.0,185.0,1750.0,26.688,0.196,0.647,1.87,570.0,431.0,102.0,1
3.0,258.0,104.0,14.222,0.381,0.7509999999999999,1.93,120.0,428.0,178.0,1
24.0,261.0,6494.0,2.5,0.5479999999999999,0.97,8.36,889.0,647.0,679.0,1
23.0,238.0,553.0,7.75,0.335,0.867,1.12,1050.0,2877.0,46.0,1
804.0,65.0,87.0,4.462,0.055,0.617,4.63,4804.0,798.0,443.0,2
23.0,208.0,6224.0,11.941,0.546,0.867,1.27,679.0,351.0,1356.0,1
11.0,118.0,4784.0,1.607,0.315,0.5579999999999999,1.94,1482.0,607.0,289.0,1
11.0,420.0,243.0,23.923,0.324,0.584,4.05,1392.0,1041.0,257.0,1
11.0,55.0,3768.0,3.222,0.273,0.359,1.61,3270.0,169.0,80.0,1
9.0,300.0,1464.0,0.727,0.535,0.733,1.81,742.0,36.0,10.0,1
10.0,272.0,350.0,5.222,0.233,0.74,1.28,5363.0,982.0,42.0,1
74.0,150.0,342.0,2.667,0.507,0.647,3.59,458.0,809.0,364.0,1
23.0,292.0,1617.0,11.625,0.181,0.7709999999999999,2.29,761.0,945.0,19.0,1
60.0,346.0,3180.0,3.75,0.313,0.888,2.82,105.0,2760.0,135.0,1
7.0,162.0,119.0,11.889,0.349,0.693,9.67,1530.0,428.0,190.0,1
11.0,101.0,112.0,9.111,0.236,0.395,2.54,499.0,466.0,361.0,1
6.0,89.0,480.0,9.8,0.267,0.477,5.9,446.0,3176.0,547.0,1
10.0,410.0,1230.0,13.857,0.262,0.851,7.35,270.0,1912.0,19.0,1
32.0,151.0,2596.0,0.009,0.512,0.8190000000000001,4.8,9199.0,1542.0,534.0,5
11.0,305.0,175.0,3.8,0.408,0.358,3.15,589.0,515.0,438.0,1
7.0,157.0,5838.0,3.75,0.925,0.5720000000000001,1.26,755.0,340.0,174.0,1
14.0,326.0,160.0,15.333,0.508,0.951,2.14,534.0,693.0,41.0,1
44.0,207.0,5908.0,15.1,0.584,0.66,7.35,433.0,2904.0,2273.0,5
3.0,48.0,711.0,12.222,0.775,0.8220000000000001,5.57,840.0,616.0,155.0,1
9.0,457.0,774.0,1.6669999999999998,0.226,0.903,16.64,403.0,63.0,88.0,1
804.0,172.0,1125.0,109.0,0.667,0.505,6.11,161.0,1001.0,542.0,4
11.0,92.0,8500.0,4.5710000000000015,0.344,0.857,2.66,231.0,1288.0,19.0,1
38.0,125.0,1230.0,1.0,0.271,0.585,1.24,400.0,2087.0,374.0,1
7.0,186.0,2232.0,11.875,0.39,0.767,10.5,184.0,301.0,19.0,1
14.0,3.0,102.0,2.818,0.44,0.6679999999999999,12.99,866.0,1078.0,60.0,1
11.0,179.0,112.0,33.846,0.711,0.986,11.64,861.0,301.0,319.0,1
77.0,315.0,909.0,7.857,0.2,0.468,1.86,464.0,622.0,122.0,1
14.0,157.0,1496.0,12.667,0.652,0.96,1.34,36.0,1440.0,216.0,1
11.0,325.0,532.0,109.0,0.075,0.992,2.9,197.0,748.0,69.0,1
26.0,12.0,2590.0,1.634,0.273,0.625,4.81,561.0,2800.0,254.0,1
26.0,203.0,11304.0,147.0,0.5589999999999999,0.735,2.09,111.0,2378.0,521.0,1
11.0,103.0,260.0,4.0,0.221,0.711,15.2,743.0,1724.0,169.0,1
71.0,122.0,2680.0,2.375,0.657,0.816,1.36,114.0,3342.0,70.0,1
36.0,553.0,2821.0,18.3,0.073,0.933,1.57,258.0,457.0,259.0,1
804.0,155.0,4576.0,2.143,0.455,0.526,10.5,2142.0,478.0,231.0,1
14.0,80.0,476.0,2.5,0.321,0.123,127.0,98.0,1178.0,122.0,1
9.0,10.0,49.0,7.8,0.381,0.991,8.19,28.0,109.0,113.0,1
14.0,227.0,845.0,4.25,0.386,0.716,2.1,56.0,1765.0,773.0,1
11.0,309.0,492.0,21.846,0.3,0.857,4.36,145.0,88.0,70.0,1
11.0,402.0,520.0,18.889,0.435,0.456,1.19,2355.0,1421.0,78.0,1
17.0,367.0,2466.0,27.2,0.4970000000000001,0.742,6.19,397.0,129.0,374.0,1
44.0,198.0,1573.0,5.727,0.232,0.374,127.0,2181.0,1276.0,637.0,5
18.0,533.0,1470.0,2.1,0.329,0.77,12.5,152.0,446.0,152.0,1
25.0,78.0,2337.0,2.571,0.535,0.831,70.0,151.0,567.0,33.0,1
71.0,377.0,900.0,8.609,0.4920000000000001,0.703,2.01,112.0,1552.0,214.0,1
38.0,264.0,744.0,1.182,0.944,0.47,22.5,393.0,759.0,158.0,1
14.0,170.0,824.0,0.727,0.155,0.524,1.49,154.0,900.0,74.0,1
11.0,304.0,120.0,2.4730000000000003,0.531,0.7859999999999999,2.44,2164.0,1053.0,612.0,1
23.0,56.0,56.0,16.692,0.421,0.6759999999999999,2.03,7772.0,223.0,28.0,1
17.0,283.0,170.0,6.6,0.274,0.83,1.66,687.0,119.0,266.0,1
17.0,419.0,2680.0,5.6,0.429,0.775,2.89,261.0,1537.0,111.0,1
12.0,383.0,4990.0,0.556,0.942,0.612,17.27,564.0,809.0,466.0,1
1.0,298.0,1176.0,288.0,0.593,0.276,5.1,51.0,545.0,72.0,2
11.0,114.0,488.0,21.846,0.604,0.861,1.58,114.0,97.0,220.0,1
68.0,112.0,95.0,15.5,0.359,0.7559999999999999,1.32,610.0,1908.0,80.0,1
9.0,189.0,1539.0,10.571,0.255,0.865,72.47,4009.0,1219.0,63.0,1
105.0,207.0,376.0,9.111,0.8059999999999999,0.339,6.85,466.0,1083.0,492.0,4
11.0,433.0,3180.0,7.143,0.254,0.598,2.1,88.0,2596.0,88.0,1
24.0,181.0,176.0,42.875,0.431,0.44,1.34,27820.0,174.0,391.0,1
17.0,306.0,89.0,13.556,0.349,0.383,2.45,3464.0,3554.0,250.0,1
28.0,150.0,946.0,7.3,0.345,0.578,5.34,2126.0,812.0,678.0,1
19.0,103.0,1190.0,1.3330000000000002,0.142,0.606,5.34,584.0,164.0,134.0,1
10.0,96.0,2784.0,2.5,0.337,0.755,4.17,751.0,915.0,31.0,1
38.0,97.0,320.0,26.3,0.468,0.981,3.33,24.0,63.0,31.0,1
20.0,410.0,1505.0,4.167,0.327,0.773,2.98,576.0,610.0,39.0,1
26.0,120.0,224.0,1.75,0.773,0.857,2.65,76.0,99.0,165.0,1
17.0,303.0,510.0,1.5,0.382,0.915,117.0,78.0,1039.0,71.0,1
10.0,114.0,385.0,0.875,0.45,0.5,1.28,1453.0,1200.0,731.0,1
16.0,167.0,297.0,7.12,0.961,0.978,1.7,421.0,330.0,356.0,1
11.0,64.0,20867.0,26.3,0.188,0.545,1.31,307.0,1039.0,305.0,1
22.0,231.0,1397.0,81.0,0.266,0.762,1.52,760.0,338.0,13.0,1
14.0,245.0,2690.0,11.429,0.285,0.528,4.27,74.0,1078.0,45.0,1
14.0,120.0,1107.0,18.667,0.2,0.768,1.95,81.0,1878.0,131.0,1
42.0,74.0,127.0,17.273,0.603,0.638,9.8,301.0,749.0,455.0,2
23.0,508.0,408.0,8.923,0.514,0.53,1.26,350.0,531.0,249.0,1
17.0,218.0,1199.0,1.6,0.365,0.772,1.26,738.0,436.0,547.0,1
11.0,33.0,66.0,3.875,0.514,0.867,3.57,711.0,1027.0,40.0,1
22.0,53.0,1152.0,20.286,0.977,0.5529999999999999,4.43,447.0,1128.0,221.0,3
67.0,144.0,970.0,61.5,0.897,0.379,5.89,667.0,1059.0,462.0,2
41.0,150.0,996.0,17.3,0.29,0.466,1.3,311.0,1800.0,183.0,1
11.0,121.0,462.0,7.75,0.209,0.496,3.43,345.0,41.0,36.0,1
19.0,234.0,2178.0,1.103,0.315,0.958,1.5,151.0,304.0,53.0,1
100.0,382.0,252.0,8.4,0.29,0.972,1.88,255.0,549.0,144.0,2
39.0,238.0,119.0,7.077000000000001,0.638,0.945,1.24,19.0,869.0,59.0,1
18.0,398.0,435.0,0.139,0.312,0.8240000000000001,7.25,587.0,817.0,527.0,1
24.0,37.0,1265.0,0.667,0.362,0.6759999999999999,1.21,518.0,5944.0,247.0,1
18.0,301.0,208.0,51.667,0.344,0.8490000000000001,2.09,279.0,304.0,358.0,1
14.0,71.0,339.0,44.125,0.334,0.804,1.73,189.0,2421.0,661.0,1
25.0,330.0,6224.0,8.443999999999999,0.38,0.67,3.08,108.0,1532.0,1142.0,1
23.0,213.0,2808.0,4.667,0.4270000000000001,0.947,1.34,316.0,1833.0,228.0,1
24.0,222.0,480.0,12.2,0.147,0.6559999999999999,1.36,188.0,552.0,342.0,1
17.0,74.0,2466.0,2.125,0.583,0.649,1.94,637.0,6072.0,73.0,1
11.0,314.0,110.0,5.167000000000002,0.208,0.72,1.34,393.0,839.0,107.0,1
21.0,230.0,4184.0,26.846,0.6920000000000001,0.8059999999999999,24.33,2168.0,930.0,1218.0,2
17.0,80.0,6000.0,16.857,0.173,0.612,4.53,218.0,1752.0,52.0,1
13.0,256.0,4446.0,47.0,0.448,0.981,2.94,1453.0,62.0,286.0,1
19.0,499.0,26.0,8.154,0.311,0.6829999999999999,4.75,320.0,657.0,238.0,1
31.0,46.0,1498.0,26.2,0.106,0.88,1.91,173.0,3467.0,306.0,1
98.0,77.0,75.0,59.444,0.738,0.6659999999999999,162.0,998.0,1015.0,165.0,2
3.0,205.0,176.0,1.9,0.42,0.879,3.33,72.0,7118.0,113.0,1
63.0,333.0,616.0,24.214,0.397,0.96,1.3,236.0,486.0,205.0,1
14.0,263.0,4172.0,1.444,0.619,0.455,1.94,39.0,335.0,544.0,1
304.0,533.0,1969.0,1.222,0.285,0.498,1.38,275.0,1495.0,171.0,1
24.0,178.0,13542.0,15.25,0.63,0.5720000000000001,3.05,386.0,485.0,294.0,1
11.0,93.0,74.0,2.033,0.175,0.721,1.26,542.0,1272.0,121.0,1
11.0,109.0,423.0,2.889,0.34,0.632,1.08,564.0,162.0,614.0,1
23.0,168.0,1225.0,3.2,0.136,0.923,4.25,4167.0,2841.0,154.0,1
197.0,48.0,784.0,50.8,0.287,0.238,11.54,923.0,4191.0,340.0,5
98.0,259.0,1533.0,7.909,0.5589999999999999,0.51,11.94,4009.0,3869.0,640.0,2
2.0,533.0,1614.0,30.125,0.938,0.197,62.0,567.0,1071.0,3.0,2
20.0,99.0,1008.0,0.556,0.196,0.5710000000000001,2.32,128.0,82.0,129.0,1
11.0,166.0,160.0,7.875,0.277,0.701,2.23,103.0,103.0,364.0,1
11.0,141.0,2400.0,11.708,0.296,0.561,2.43,4409.0,1051.0,599.0,1
11.0,125.0,320.0,2.333,0.374,0.7340000000000001,15.67,643.0,130.0,68.0,1
86.0,67.0,1832.0,1.6,0.921,0.5429999999999999,2.86,508.0,734.0,78.0,1
13.0,395.0,510.0,50.778,0.583,0.804,4.79,681.0,96.0,63.0,1
13.0,111.0,160.0,24.214,0.244,0.802,117.8,211.0,3262.0,19.0,1
28.0,435.0,5100.0,6.0,0.211,0.563,4.62,313.0,1758.0,69.0,1
26.0,465.0,576.0,13.333,0.557,0.8240000000000001,1.35,259.0,718.0,119.0,1
14.0,138.0,1200.0,1.2,0.375,0.589,6.64,279.0,3052.0,146.0,1
17.0,323.0,4920.0,0.667,0.2,0.939,2.41,1302.0,659.0,1651.0,1
212.0,102.0,190.0,21.889,0.552,0.4370000000000001,6.12,370.0,1738.0,294.0,5
17.0,38.0,200.0,50.8,0.535,0.778,3.85,607.0,266.0,19.0,1
14.0,100.0,2358.0,24.286,0.42,0.581,2.36,273.0,680.0,81.0,1
23.0,132.0,1230.0,6.7,0.425,0.916,20.07,291.0,1207.0,225.0,1
11.0,133.0,872.0,5.0,0.226,0.833,1.21,171.0,2207.0,83.0,1
13.0,317.0,798.0,3.857,0.094,0.703,1.3,938.0,1633.0,19.0,1
11.0,356.0,534.0,39.778,0.425,0.947,2.1,2207.0,298.0,267.0,1
7.0,409.0,1246.0,18.44400000000001,0.392,0.552,2.11,34.0,1389.0,458.0,1
166.0,141.0,2444.0,0.139,0.461,0.975,4.29,241.0,839.0,120.0,1
15.0,84.0,840.0,6.0,0.2,0.957,1.95,1848.0,6057.0,235.0,1
60.0,410.0,155.0,22.938,0.2,0.958,2.26,358.0,2621.0,697.0,1
7.0,49.0,264.0,1.75,0.406,0.5429999999999999,1.73,733.0,1535.0,171.0,1
23.0,137.0,5726.0,10.143,0.316,0.912,5.34,81.0,1236.0,91.0,1
7.0,152.0,1911.0,28.385,0.474,0.381,4.84,812.0,2207.0,256.0,2
23.0,169.0,3212.0,1.889,0.652,0.688,2.06,564.0,599.0,307.0,1
11.0,10.0,121.0,7.909,0.514,0.992,3.93,112.0,25.0,78.0,1
11.0,125.0,1057.0,2.6,0.334,0.455,1.82,222.0,2593.0,386.0,1
100.0,81.0,3252.0,25.778,0.348,0.905,11.75,2214.0,214.0,206.0,2
132.0,128.0,187.0,4.636,0.081,0.856,1.33,17.0,1349.0,91.0,1
804.0,3.0,810.0,18.4,0.302,0.835,7.84,156.0,1849.0,116.0,1
3.0,487.0,76.0,70.0,0.8240000000000001,0.897,158.0,5217.0,1878.0,752.0,2
91.0,169.0,1830.0,53.57100000000001,0.693,0.4970000000000001,30.67,32.0,3238.0,166.0,5
2.0,241.0,1510.0,3.111,0.243,0.527,180.33,66.0,5522.0,618.0,2
41.0,242.0,1590.0,26.3,0.241,0.971,2.28,742.0,2687.0,369.0,1
11.0,12.0,735.0,3.75,0.205,0.804,1.38,446.0,472.0,482.0,1
13.0,151.0,435.0,2.136,0.389,0.638,1.38,47.0,1086.0,216.0,1
14.0,305.0,138.0,1.3330000000000002,0.363,0.765,6.3,11.0,448.0,348.0,1
79.0,151.0,1750.0,200.0,0.433,0.597,18.34,2610.0,40.0,55.0,1
11.0,323.0,39.0,29.071,0.241,0.511,1.07,629.0,55.0,220.0,1
160.0,537.0,1216.0,3.556,0.403,0.41,4.5,99.0,719.0,789.0,2
18.0,326.0,836.0,4.7,0.5920000000000001,0.899,2.92,17.0,412.0,214.0,1
11.0,84.0,2016.0,9.778,0.1689999999999999,0.727,2.54,554.0,851.0,157.0,1
11.0,80.0,492.0,3.132,0.563,0.528,12.97,606.0,2130.0,669.0,1
5.0,96.0,406.0,0.038,0.964,0.921,1.32,1661.0,2484.0,408.0,1
11.0,353.0,2025.0,0.5710000000000001,0.268,0.958,10.17,358.0,988.0,885.0,1
7.0,118.0,1472.0,59.333,0.219,0.691,33.48,2995.0,2965.0,137.0,1
7.0,89.0,1111.0,8.429,0.32,0.6609999999999999,17.21,808.0,286.0,189.0,1
38.0,269.0,276.0,3.4,0.384,0.763,7.62,231.0,448.0,69.0,1
16.0,44.0,3861.0,4.4,0.233,0.733,1.14,444.0,2271.0,122.0,1
11.0,547.0,537.0,0.818,0.308,0.435,28.0,947.0,91.0,70.0,1
24.0,111.0,558.0,8.286,0.368,0.956,2.45,514.0,3662.0,67.0,1
41.0,49.0,568.0,16.385,0.271,0.895,1.24,2144.0,1483.0,96.0,1
17.0,302.0,170.0,0.024,0.217,0.973,8.9,2599.0,1036.0,353.0,1
11.0,8.0,352.0,5.75,0.941,0.326,36.38,418.0,1107.0,310.0,1
8.0,446.0,2680.0,21.556,0.059,0.6509999999999999,1.43,1122.0,341.0,306.0,1
77.0,272.0,2768.0,21.0,0.298,0.838,2.11,567.0,3517.0,393.0,1
430.0,113.0,1719.0,25.889,0.6920000000000001,0.6970000000000001,4.14,735.0,12.0,194.0,2
71.0,291.0,144.0,6.778,0.7140000000000001,0.778,2.96,190.0,1401.0,30.0,1
53.0,165.0,45760.0,1.357,0.913,0.568,8.55,4213.0,2875.0,412.0,5
33.0,58.0,112.0,9.7,0.309,0.792,1.35,164.0,779.0,80.0,1
28.0,122.0,22680.0,50.8,0.073,0.545,5.2,416.0,1121.0,19.0,1
158.0,319.0,1730.0,12.5,0.557,0.464,15.91,423.0,3793.0,344.0,2
20.0,150.0,1430.0,2.571,0.207,0.921,1.45,136.0,472.0,200.0,1
14.0,82.0,1242.0,33.308,0.105,0.868,245.83,650.0,481.0,645.0,1
11.0,65.0,414.0,8.333,0.319,0.863,1.5,34.0,490.0,278.0,1
11.0,262.0,165.0,0.286,0.25,0.7879999999999999,19.6,735.0,601.0,309.0,1
197.0,163.0,2747.0,8.333,0.374,0.542,1.33,599.0,153.0,650.0,1
17.0,39.0,154.0,0.25,0.62,0.736,10.27,103.0,461.0,438.0,5
17.0,298.0,328.0,24.5,0.429,0.631,197.0,720.0,1213.0,177.0,1
11.0,163.0,876.0,0.875,0.447,0.672,1.58,295.0,305.0,398.0,1
13.0,123.0,264.0,3.167,0.266,0.877,1.38,2236.0,3023.0,267.0,1
38.0,302.0,27.0,7.222,0.342,0.81,7.57,355.0,1497.0,564.0,1
14.0,89.0,1890.0,3.571,0.565,0.259,7.8,134.0,5084.0,219.0,1
17.0,322.0,263.0,4.5710000000000015,0.2,0.537,5.97,868.0,2062.0,141.0,1
3.0,410.0,610.0,34.143,0.5529999999999999,0.907,7.67,666.0,119.0,300.0,1
9.0,75.0,56.0,19.25,0.313,0.857,2.43,129.0,114.0,160.0,1
304.0,119.0,24.0,42.875,0.196,0.924,1.45,47.0,280.0,212.0,1
77.0,397.0,4806.0,6.0,0.096,0.523,8.62,1106.0,257.0,623.0,1
23.0,231.0,1890.0,28.667,0.335,0.8759999999999999,4.28,336.0,951.0,182.0,1
11.0,272.0,1332.0,1.474,0.47,0.956,5.33,68.0,1072.0,126.0,1
101.0,220.0,3360.0,2.73,0.5489999999999999,0.436,277.0,19430.0,202.0,463.0,5
11.0,130.0,2255.0,0.19,0.316,0.653,1.47,2459.0,447.0,140.0,1
160.0,194.0,170.0,3.0,0.593,0.634,2.88,464.0,628.0,343.0,1
8.0,333.0,1232.0,39.364,0.792,0.958,2.71,174.0,1080.0,408.0,1
311.0,301.0,2190.0,1.125,0.933,0.902,137.5,7689.0,3524.0,115.0,5
11.0,175.0,1134.0,5.444,0.168,0.911,2.14,326.0,422.0,103.0,1
86.0,157.0,686.0,2.013,0.259,0.713,17.21,1247.0,159.0,324.0,2
28.0,266.0,215.0,8.142999999999999,0.602,0.529,1.36,393.0,1932.0,267.0,1
86.0,288.0,1076.0,21.571,0.172,0.858,8.23,18591.0,107.0,365.0,5
28.0,330.0,2322.0,3.2,0.309,0.496,2.75,55.0,1800.0,83.0,1
11.0,358.0,534.0,27.583,0.221,0.343,2.61,564.0,25.0,596.0,1
13.0,409.0,824.0,8.111,0.69,0.818,1.24,619.0,138.0,220.0,1
6.0,102.0,825.0,17.857,0.351,0.684,1.95,3264.0,312.0,314.0,1
11.0,413.0,1296.0,8.12,0.289,0.8,14.19,319.0,868.0,127.0,1
23.0,393.0,1494.0,0.25,0.311,0.6709999999999999,1.24,2695.0,9403.0,86.0,1
24.0,41.0,477.0,24.286,0.161,0.7829999999999999,1.72,280.0,49.0,57.0,1
13.0,182.0,590.0,2.125,0.607,0.672,1.51,63.0,105.0,202.0,1
23.0,36.0,376.0,6.25,0.288,0.889,1.98,281.0,820.0,35.0,1
27.0,30.0,6192.0,0.077,0.5529999999999999,0.476,4.52,913.0,694.0,245.0,4
11.0,178.0,952.0,4.0710000000000015,0.228,0.621,1.54,17.0,4316.0,1218.0,1
34.0,353.0,2142.0,18.615,0.207,0.8740000000000001,1.85,166.0,2114.0,279.0,1
5.0,109.0,1220.0,33.875,0.544,0.7190000000000001,1.98,650.0,227.0,72.0,1
11.0,323.0,258.0,25.0,0.354,0.429,1.46,211.0,53.0,91.0,1
16.0,407.0,392.0,27.143,0.229,0.792,1.87,482.0,3224.0,375.0,1
6.0,171.0,5720.0,9.462,0.383,0.925,2.22,221.0,2097.0,66.0,1
79.0,183.0,5908.0,6.12,0.214,0.777,2.14,191.0,668.0,249.0,1
23.0,119.0,56.0,2.333,0.347,0.978,2.11,305.0,1092.0,82.0,1
20.0,276.0,1224.0,16.714000000000002,0.272,0.948,5.34,146.0,3793.0,1292.0,1
11.0,282.0,456.0,15.833,0.39,0.664,1.98,57.0,669.0,25.0,1
12.0,340.0,1183.0,20.143,0.2,0.7190000000000001,21.0,138.0,166.0,336.0,1
14.0,231.0,352.0,5.0,0.379,0.972,3.23,132.0,1597.0,197.0,1
11.0,23.0,945.0,5.048,0.425,0.8759999999999999,7.21,618.0,2222.0,258.0,1
11.0,142.0,12561.0,6.0,0.899,0.622,1.34,512.0,223.0,151.0,1
11.0,69.0,5304.0,4.857,0.429,0.836,1.41,302.0,2491.0,444.0,1
11.0,261.0,3647.0,49.429,0.223,0.408,3.56,88.0,3636.0,745.0,1
19.0,137.0,4464.0,2.286,0.121,0.574,3.0,2388.0,948.0,78.0,1
36.0,417.0,70.0,22.091,0.402,0.731,2.91,171.0,2114.0,40.0,1
117.0,167.0,891.0,14.583,0.278,0.468,4.92,561.0,1001.0,53.0,1
23.0,422.0,273.0,6.5710000000000015,0.375,0.5529999999999999,1.35,2736.0,610.0,200.0,1
11.0,27.0,1161.0,8.609,0.375,0.973,6.32,998.0,2887.0,93.0,1
11.0,151.0,798.0,0.462,0.389,0.878,1.41,289.0,217.0,321.0,1
11.0,228.0,1310.0,5.2170000000000005,0.215,0.79,2.14,742.0,99.0,218.0,1
14.0,75.0,112.0,2.714,0.431,0.698,4.44,778.0,2872.0,637.0,1
168.0,36.0,4248.0,11.438,0.263,0.779,5.2,18.0,1912.0,274.0,2
166.0,182.0,300.0,2.714,0.433,0.5920000000000001,2.3,152.0,3524.0,78.0,1
14.0,89.0,963.0,41.417,0.56,0.917,2.56,169.0,2984.0,645.0,1
74.0,228.0,81954.0,13.625,0.317,0.818,1.42,609.0,807.0,80.0,1
64.0,409.0,130.0,4.636,0.245,0.774,1.22,995.0,708.0,86.0,1
69.0,405.0,408.0,0.182,0.521,0.841,1.68,866.0,736.0,425.0,4
98.0,101.0,6720.0,2.013,0.913,0.84,1.52,339.0,573.0,86.0,1
5.0,175.0,784.0,2.125,0.659,0.6809999999999999,5.6,19.0,321.0,86.0,1
91.0,112.0,1544.0,11.75,0.136,0.511,1.98,446.0,1341.0,79.0,1
10.0,158.0,9828.0,26.846,0.136,0.758,5.15,1459.0,839.0,123.0,1
24.0,82.0,2483.0,17.462,0.319,0.438,2.53,147.0,1868.0,58.0,1
13.0,12.0,2747.0,3.353,0.255,0.477,6.04,776.0,957.0,533.0,1
26.0,131.0,2340.0,7.582999999999998,0.173,0.462,11.67,81.0,1195.0,267.0,1
13.0,10.0,4077.0,7.1110000000000015,0.205,0.6859999999999999,4.0,159.0,569.0,227.0,1
11.0,228.0,2688.0,7.375,0.17,0.889,5.8,231.0,1115.0,444.0,1
9.0,205.0,2992.0,17.3,0.334,0.78,16.68,2099.0,246.0,126.0,1
11.0,102.0,4599.0,2.875,0.105,0.708,7.4,12.0,1020.0,160.0,1
17.0,137.0,6062.0,6.0,0.374,0.8370000000000001,2.08,74.0,54.0,253.0,1
74.0,183.0,152.0,15.857,0.525,0.8390000000000001,1.92,184.0,1296.0,171.0,1
13.0,134.0,259.0,1.634,0.3,0.545,5.29,377.0,4879.0,102.0,1
17.0,393.0,1270.0,26.769,0.17,0.5770000000000001,1.86,192.0,3254.0,155.0,1
22.0,325.0,2928.0,4.067,0.44,0.73,1.53,977.0,1765.0,167.0,1
18.0,183.0,13442.0,25.857,0.7909999999999999,0.885,1.77,632.0,62.0,24.0,1
14.0,242.0,100.0,2.778,0.395,0.8290000000000001,4.05,416.0,854.0,300.0,1
20.0,26.0,2997.0,30.125,0.6,0.955,1.54,290.0,616.0,624.0,1
60.0,175.0,121.0,15.2,0.375,0.6890000000000001,4.58,167.0,3987.0,39.0,1
11.0,72.0,430.0,7.792000000000002,0.433,0.825,2.23,977.0,1244.0,112.0,1
24.0,266.0,1666.0,6.0,0.521,0.602,1.82,258.0,638.0,100.0,1
67.0,215.0,804.0,0.778,0.26,0.556,1.78,191.0,315.0,168.0,1
11.0,150.0,657.0,3.7,0.378,0.608,3.12,253.0,1099.0,137.0,1
11.0,400.0,693.0,0.5710000000000001,0.281,0.8320000000000001,1.25,591.0,825.0,124.0,1
17.0,240.0,440.0,0.5710000000000001,0.262,0.8290000000000001,4.63,378.0,1928.0,70.0,1
27.0,102.0,5632.0,0.619,0.509,0.6940000000000001,1.39,46.0,3365.0,422.0,1
38.0,340.0,664.0,5.739,0.338,0.908,1.82,71.0,303.0,141.0,1
37.0,399.0,3710.0,8.167,0.365,0.429,4.79,2543.0,486.0,51.0,1
18.0,203.0,249.0,8.777999999999999,0.186,0.6559999999999999,16.57,246.0,335.0,158.0,1
79.0,344.0,892.0,32.0,0.145,0.856,7.27,586.0,858.0,387.0,2
69.0,461.0,98368.0,1.25,0.131,0.408,7.84,95.0,1813.0,332.0,5
22.0,107.0,114.0,0.727,0.6,0.88,1.35,373.0,1145.0,608.0,1
17.0,292.0,3141.0,19.625,0.383,0.536,2.34,459.0,1810.0,123.0,1
17.0,153.0,1298.0,9.889,0.26,0.5670000000000001,1.9,302.0,82.0,274.0,1
43.0,323.0,140752.0,24.143,0.353,0.264,30.67,470.0,1101.0,382.0,2
11.0,115.0,5866.0,10.1,0.245,0.7829999999999999,1.36,1749.0,773.0,68.0,1
11.0,183.0,375.0,5.25,0.5329999999999999,0.5770000000000001,1.49,7358.0,2001.0,41.0,1
43.0,491.0,26062.0,3.529,0.855,0.112,3.3,597.0,673.0,674.0,5
30.0,235.0,2496.0,249.0,0.684,0.07,7.34,767.0,669.0,362.0,5
19.0,155.0,1267.0,40.0,0.171,0.8859999999999999,1.53,504.0,417.0,274.0,1
11.0,274.0,820.0,25.643,0.136,0.939,1.41,655.0,1153.0,215.0,1
11.0,261.0,3648.0,10.789,0.235,0.825,2.6,128.0,59.0,50.0,1
14.0,68.0,12996.0,0.733,0.162,0.958,1.41,2170.0,2566.0,221.0,1
9.0,170.0,2250.0,19.5,0.481,0.7909999999999999,8.13,19.0,156.0,107.0,1
11.0,375.0,1404.0,0.4,0.293,0.672,1.29,1749.0,1315.0,444.0,1
3.0,43.0,217.0,15.556,0.265,0.308,1.98,700.0,97.0,69.0,1
24.0,133.0,3737.0,27.667,0.476,0.698,4.65,419.0,2523.0,513.0,1
19.0,343.0,102.0,31.846,0.356,0.441,4.49,397.0,1536.0,835.0,1
11.0,82.0,343.0,2.222,0.211,0.851,19.6,249.0,1571.0,543.0,1
34.0,115.0,392.0,21.846,0.377,0.947,4.54,1624.0,257.0,276.0,1
24.0,253.0,18.0,16.2,0.375,0.703,2.21,225.0,266.0,461.0,1
11.0,413.0,1079.0,5.75,0.231,0.71,2.1,2792.0,80.0,127.0,1
36.0,109.0,1664.0,28.714,0.267,0.762,1.33,942.0,49.0,481.0,1
20.0,307.0,60.0,8.3,0.366,0.565,1.17,108.0,1069.0,79.0,1
304.0,179.0,5317.0,5.125,0.503,0.708,2.14,440.0,2471.0,218.0,1
67.0,94.0,981.0,13.7,0.594,0.607,88.62,152.0,972.0,373.0,2
71.0,258.0,9828.0,0.909,0.4270000000000001,0.667,2.32,2248.0,2062.0,168.0,1
59.0,80.0,1690.0,1.625,0.257,0.664,207.0,1617.0,88.0,370.0,1
3.0,203.0,5080.0,4.125,0.298,0.731,1.34,386.0,141.0,488.0,1
3.0,253.0,96.0,20.571,0.121,0.471,3.01,1791.0,939.0,328.0,1
26.0,216.0,1372.0,26.9,0.381,0.7440000000000001,12.08,137.0,1272.0,243.0,1
23.0,169.0,828.0,8.667,0.458,0.733,1.44,107.0,321.0,398.0,1
11.0,314.0,1342.0,24.9,0.6,0.747,10.04,1724.0,153.0,326.0,1
13.0,197.0,4200.0,18.222,0.172,0.569,1.07,189.0,1278.0,82.0,1
84.0,278.0,372.0,33.444,0.343,0.569,1.68,208.0,361.0,49.0,1
11.0,250.0,3707.0,4.857,0.575,0.344,1.91,697.0,33.0,49.0,1
11.0,498.0,24.0,5.625,0.371,0.095,5.19,42.0,4141.0,116.0,1
28.0,471.0,6000.0,13.5,0.466,0.787,1.28,172.0,350.0,225.0,1
22.0,23.0,374.0,1.375,0.268,0.4,1.87,477.0,338.0,82.0,1
23.0,333.0,195.0,24.667,0.366,0.664,1.26,1579.0,258.0,60.0,1
71.0,214.0,1377.0,8.12,0.168,0.878,3.22,174.0,1868.0,82.0,1
60.0,440.0,49.0,21.556,0.153,0.998,1.41,83.0,77.0,98.0,1
11.0,56.0,4537.0,12.7,0.378,0.81,1.42,321.0,1672.0,122.0,1
11.0,397.0,2604.0,13.5,0.544,0.383,2.29,424.0,240.0,378.0,1
91.0,164.0,4815.0,22.583,0.82,0.934,6.2,556.0,2136.0,304.0,4
17.0,124.0,1800.0,1.3330000000000002,0.452,0.857,1.07,7.0,1958.0,316.0,1
13.0,12.0,78.0,2.4290000000000003,0.541,0.632,4.53,420.0,320.0,235.0,1
38.0,395.0,1472.0,2.333,0.233,0.716,1.94,138.0,1381.0,149.0,1
14.0,228.0,1298.0,17.625,0.241,0.792,6.3,588.0,1000.0,623.0,1
14.0,390.0,3392.0,10.111,0.602,0.843,1.03,28.0,769.0,463.0,1
11.0,177.0,427.0,12.286,0.711,0.5479999999999999,9.32,317.0,801.0,97.0,1
23.0,75.0,1141.0,53.4,0.344,0.579,2.39,64.0,606.0,13.0,1
17.0,65.0,2412.0,8.443999999999999,0.654,0.958,7.88,19.0,293.0,198.0,1
24.0,91.0,121.0,8.708,0.251,0.877,11.57,2252.0,1503.0,198.0,1
19.0,124.0,2470.0,0.5710000000000001,0.276,0.7090000000000001,1.25,1564.0,430.0,10.0,1
6.0,125.0,684.0,53.5,0.463,0.8859999999999999,2.5,297.0,552.0,64.0,1
22.0,356.0,1232.0,6.8420000000000005,0.105,0.91,2.35,308.0,261.0,477.0,1
23.0,134.0,560.0,17.8,0.224,0.573,1.11,707.0,723.0,82.0,1
197.0,281.0,1298.0,4.714,0.6629999999999999,0.562,5.78,440.0,6134.0,396.0,5
14.0,17.0,4130.0,23.5,0.52,0.273,1.9,231.0,471.0,238.0,1
18.0,382.0,98.0,9.7,0.347,0.929,1.85,210.0,2470.0,423.0,1
31.0,218.0,850.0,60.0,0.308,0.4920000000000001,3.26,389.0,175.0,61.0,1
14.0,412.0,4740.0,5.778,0.456,0.54,4.44,278.0,675.0,312.0,1
10.0,123.0,135.0,7.12,0.475,0.573,1.41,1080.0,797.0,10.0,1
11.0,377.0,2484.0,0.95,0.552,0.626,1.53,2142.0,1282.0,190.0,1
11.0,239.0,931.0,0.5,0.273,0.893,7.58,194.0,326.0,70.0,1
91.0,40.0,2928.0,4.222,0.211,0.753,7.58,3696.0,1542.0,125.0,1
17.0,12.0,900.0,0.479,0.5479999999999999,0.09,1.96,100.0,1213.0,74.0,1
36.0,235.0,214.0,143.0,0.67,0.835,4.59,194.0,126.0,256.0,2
11.0,92.0,1272.0,6.909,0.846,0.81,1.93,928.0,417.0,117.0,1
76.0,124.0,2280.0,1.52,0.765,0.6629999999999999,16.66,674.0,1626.0,169.0,2
18.0,57.0,1539.0,25.5,0.33,0.532,1.62,170.0,1280.0,569.0,1
17.0,353.0,752.0,19.286,0.262,0.65,72.47,849.0,2590.0,123.0,1
33.0,211.0,476.0,1.3330000000000002,0.094,0.424,11.88,351.0,1099.0,21.0,1
45.0,550.0,86.0,59.111,0.631,0.447,6.67,689.0,1154.0,521.0,2
11.0,187.0,114.0,12.444,0.38,0.5710000000000001,3.2,50.0,2713.0,33.0,1
430.0,196.0,1404.0,11.833,0.6779999999999999,0.907,2.5,138.0,963.0,224.0,1
85.0,367.0,4480.0,17.8,0.41,0.318,4.26,4366.0,294.0,241.0,2
23.0,181.0,112.0,2.571,0.361,0.121,11.28,1791.0,777.0,222.0,1
16.0,155.0,749.0,3.75,0.281,0.741,1.72,190.0,205.0,49.0,1
11.0,43.0,553.0,0.8,0.523,0.375,4.66,3448.0,946.0,52.0,1
24.0,96.0,1377.0,22.091,0.294,0.818,4.38,1564.0,1114.0,19.0,1
24.0,301.0,3024.0,3.429,0.186,0.7190000000000001,3.67,7772.0,1099.0,116.0,1
11.0,389.0,66.0,1.3330000000000002,0.429,0.87,1.17,65.0,377.0,83.0,1
10.0,102.0,776.0,2.375,0.866,0.089,4.81,406.0,88.0,479.0,1
14.0,122.0,324.0,1.2,0.2,0.7440000000000001,1.52,93.0,323.0,127.0,1
24.0,56.0,473.0,29.125,0.264,0.992,1.91,2157.0,340.0,416.0,1
10.0,200.0,91.0,6.4620000000000015,0.484,0.909,1.3,2162.0,660.0,21.0,1
13.0,133.0,160.0,1.2,0.568,0.8270000000000001,3.36,44.0,932.0,139.0,1
71.0,294.0,5733.0,1.6669999999999998,0.455,0.884,1.39,1080.0,1724.0,252.0,1
10.0,249.0,790.0,7.082999999999998,0.212,0.268,3.13,65.0,878.0,10.0,1
14.0,465.0,112.0,15.75,0.431,0.947,5.5,347.0,460.0,144.0,1
58.0,375.0,3684.0,20.727,0.426,0.978,1.84,52.0,628.0,19.0,1
12.0,93.0,98.0,1.2,0.397,0.657,1.94,546.0,3224.0,103.0,1
168.0,299.0,1832.0,62.0,0.349,0.816,6.94,82.0,25400.0,675.0,3
20.0,424.0,380.0,2.333,0.316,0.7859999999999999,5.35,162.0,80.0,285.0,1
17.0,462.0,2431.0,28.778,0.365,0.555,1.47,561.0,1535.0,205.0,1
24.0,420.0,1696.0,15.9,0.43,0.7509999999999999,136.6,460.0,462.0,112.0,1
13.0,119.0,6256.0,12.111,0.426,0.301,1.91,49.0,4845.0,21.0,1
26.0,272.0,175.0,14.692,0.073,0.882,5.45,238.0,153.0,393.0,1
13.0,403.0,4543.0,23.4,0.434,0.847,1.96,19.0,25.0,208.0,1
11.0,498.0,1281.0,10.071,0.71,0.6829999999999999,2.23,226.0,517.0,282.0,1
11.0,382.0,49.0,7.75,0.6,0.305,7.42,1151.0,1506.0,137.0,1
4.0,35.0,512.0,38.778,0.341,0.258,5.89,838.0,115.0,82.0,1
25.0,53.0,1520.0,5.818,0.211,0.858,1.25,391.0,3474.0,175.0,1
31.0,537.0,1015.0,4.7,0.625,0.764,214.0,773.0,1215.0,231.0,2
14.0,166.0,427.0,41.417,0.34,0.647,2.12,213.0,767.0,462.0,1
18.0,72.0,765.0,59.333,0.408,0.644,1.39,101.0,1277.0,191.0,1
39.0,83.0,4494.0,30.714,0.381,0.632,2.41,484.0,218.0,99.0,1
9.0,422.0,1771.0,7.48,0.345,0.392,1.57,46.0,1380.0,19.0,1
11.0,422.0,540.0,2.6,0.54,0.964,10.17,169.0,520.0,289.0,1
17.0,199.0,5100.0,21.818,0.209,0.7040000000000001,8.27,188.0,1965.0,482.0,1
5.0,90.0,976.0,49.429,0.264,0.936,1.87,637.0,493.0,145.0,1
10.0,71.0,1280.0,11.778,0.509,0.8170000000000001,4.77,2121.0,1068.0,160.0,1
24.0,314.0,1809.0,1.917,0.239,0.7979999999999999,1.44,952.0,158.0,71.0,1
23.0,285.0,2592.0,6.444,0.413,0.7979999999999999,1.19,1325.0,318.0,122.0,1
6.0,218.0,2296.0,3.714,0.268,0.8240000000000001,1.16,468.0,1368.0,82.0,1
11.0,398.0,2190.0,1.3330000000000002,0.402,0.502,21.0,276.0,2717.0,220.0,1
38.0,414.0,640.0,20.588,0.39,0.914,1.48,389.0,12422.0,186.0,1
52.0,280.0,2882.0,3.143,0.236,0.966,1.44,1564.0,2437.0,408.0,1
14.0,499.0,333.0,7.6,0.26,0.779,2.41,89.0,249.0,62.0,1
59.0,219.0,872.0,19.111,0.386,0.693,1.77,1302.0,370.0,178.0,1
22.0,309.0,2475.0,15.429,0.583,0.923,7.58,79.0,4382.0,154.0,1
11.0,92.0,2655.0,33.923,0.338,0.848,2.64,203.0,252.0,203.0,1
11.0,408.0,1561.0,1.6669999999999998,0.199,0.617,21.0,132.0,99.0,186.0,1
15.0,358.0,1815.0,5.625,0.63,0.7170000000000001,1.2,264.0,1781.0,481.0,1
64.0,281.0,1782.0,33.0,0.939,0.379,24.88,549.0,4453.0,773.0,2
11.0,222.0,225.0,5.917000000000002,0.327,0.112,2.69,39.0,1441.0,669.0,1
9.0,190.0,6233.0,8.889,0.267,0.226,2.92,160.0,114.0,452.0,1
11.0,101.0,1495.0,13.75,0.324,0.922,13.5,320.0,946.0,21.0,1
17.0,212.0,2992.0,21.308000000000003,0.41,0.8,1.25,4167.0,1478.0,378.0,1
11.0,53.0,5908.0,8.273,0.383,0.929,5.5,2333.0,475.0,361.0,1
11.0,275.0,3300.0,31.7,0.304,0.7440000000000001,1.56,341.0,556.0,261.0,1
33.0,13.0,1359.0,6.471,0.125,0.815,2.64,422.0,5944.0,374.0,5
11.0,99.0,45.0,4.144,0.362,0.682,1.98,751.0,311.0,203.0,1
23.0,378.0,217.0,8.167,0.344,0.867,1.53,1671.0,1242.0,41.0,1
11.0,90.0,200.0,10.826,0.318,0.813,1.69,371.0,1145.0,452.0,1
22.0,520.0,5762.0,0.25,0.207,0.621,123.0,619.0,870.0,390.0,5
11.0,89.0,2720.0,11.783,0.375,0.521,2.48,140.0,2157.0,245.0,1
11.0,185.0,2470.0,22.583,0.375,0.958,14.5,17721.0,277.0,242.0,1
86.0,217.0,1344.0,16.817999999999998,0.239,0.8029999999999999,5.8,205.0,3273.0,418.0,1
23.0,185.0,490.0,7.857,0.324,0.94,1.32,205.0,1335.0,393.0,1
9.0,209.0,25.0,4.857,0.443,0.5770000000000001,3.03,1574.0,472.0,48.0,1
6.0,433.0,1870.0,1.0,0.2,0.557,1.3,176.0,1156.0,455.0,1
11.0,523.0,4581.0,30.714,0.675,0.561,1.27,1212.0,1892.0,161.0,1
13.0,242.0,301.0,0.667,0.443,0.813,1.98,121.0,145.0,70.0,1
28.0,358.0,1770.0,40.6,0.206,0.737,11.52,7725.0,69.0,260.0,1
11.0,33.0,80.0,1.6,0.429,0.589,1.59,645.0,14538.0,214.0,1
17.0,186.0,182.0,8.6,0.385,0.89,1.29,1743.0,1080.0,482.0,1
53.0,7.0,816.0,24.222,0.178,0.4370000000000001,3.18,676.0,1375.0,290.0,5
11.0,130.0,3766.0,21.429,0.321,0.93,1.29,1175.0,244.0,180.0,1
11.0,84.0,270.0,5.332999999999998,0.18,0.838,1.26,191.0,251.0,485.0,1
11.0,267.0,49.0,11.9,0.431,0.792,1.29,1848.0,676.0,119.0,1
20.0,88.0,3420.0,27.438,0.354,0.723,4.79,138.0,959.0,613.0,1
41.0,304.0,4944.0,0.029,0.285,0.644,1.07,1212.0,217.0,257.0,1
79.0,337.0,2490.0,10.125,0.436,0.98,1.5,415.0,1200.0,220.0,1
23.0,160.0,465.0,10.789,0.1669999999999999,0.889,2.51,1749.0,386.0,58.0,1
23.0,352.0,160.0,7.667000000000002,0.079,0.464,1.19,132.0,208.0,148.0,1
17.0,117.0,1998.0,20.333,0.168,0.513,4.92,1094.0,177.0,202.0,1
23.0,72.0,125.0,23.25,0.486,0.727,3.83,412.0,665.0,71.0,1
18.0,294.0,144.0,21.063,0.297,0.662,2.14,290.0,1727.0,127.0,1
5.0,119.0,1963.0,2.2,0.154,0.951,2.37,145.0,753.0,507.0,1
38.0,346.0,876.0,21.455,0.2,0.862,1.3,629.0,138.0,224.0,1
15.0,106.0,2556.0,22.5,0.338,0.8390000000000001,2.05,212.0,1307.0,306.0,1
18.0,124.0,216.0,20.25,0.397,0.664,2.27,39.0,567.0,55.0,1
25.0,118.0,960.0,5.857,0.3,0.647,5.18,3496.0,825.0,246.0,1
11.0,206.0,837.0,16.769000000000002,0.293,0.5,5.45,226.0,1317.0,314.0,1
11.0,171.0,510.0,31.222,0.327,0.951,2.61,89.0,368.0,104.0,1
26.0,131.0,3222.0,4.833,0.369,0.8079999999999999,1.99,177.0,943.0,43.0,1
79.0,187.0,3471.0,13.714,0.42,0.883,20.75,467.0,207.0,11.0,1
11.0,383.0,1176.0,5.545,0.327,0.938,1.82,570.0,839.0,186.0,1
14.0,356.0,585.0,24.769,0.56,0.622,1.62,261.0,453.0,267.0,1
67.0,475.0,497.0,42.0,0.29,0.456,4.57,242.0,1449.0,357.0,2
14.0,511.0,2736.0,14.286,0.3720000000000001,0.556,6.6,83.0,1878.0,50.0,1
11.0,92.0,273.0,5.391,0.545,0.516,7.35,687.0,1307.0,311.0,1
43.0,535.0,252.0,2.333,0.284,0.8740000000000001,16.33,528.0,3818.0,246.0,1
197.0,205.0,2940.0,9.222,0.295,0.5,2.17,391.0,1898.0,43.0,1
86.0,419.0,1963.0,1.889,0.38,0.7929999999999999,7.28,732.0,531.0,251.0,1
23.0,510.0,182.0,2.125,0.168,0.789,3.23,88.0,383.0,76.0,1
11.0,220.0,24.0,9.778,0.375,0.615,30.67,250.0,111.0,218.0,1
3.0,292.0,171.0,4.462,0.266,0.731,2.42,151.0,1430.0,174.0,1
14.0,263.0,1864.0,21.0,0.239,0.857,1.21,133.0,160.0,122.0,1
11.0,33.0,88.0,0.812,0.379,0.8809999999999999,7.42,354.0,80.0,525.0,1
8.0,303.0,1809.0,14.462,0.458,0.575,2.15,4210.0,910.0,268.0,1
14.0,90.0,754.0,24.875,0.468,0.6779999999999999,28.0,686.0,73.0,22.0,1
11.0,191.0,243.0,1.875,0.274,0.7240000000000001,15.17,223.0,2090.0,82.0,1
18.0,265.0,208.0,3.182,0.317,0.863,1.73,311.0,1035.0,671.0,1
44.0,421.0,833.0,35.4,0.088,0.183,11.54,281.0,544.0,302.0,5
153.0,117.0,1623.0,55.3,0.568,0.095,4.86,364.0,1661.0,572.0,2
24.0,185.0,896.0,0.857,0.374,0.919,1.27,4167.0,135.0,37.0,1
11.0,177.0,154.0,16.429000000000002,0.484,0.47,6.5,296.0,222.0,154.0,1
11.0,363.0,5340.0,7.857,0.5329999999999999,0.936,14.5,2167.0,98.0,31.0,1
58.0,535.0,660.0,3.783,0.207,0.956,4.53,4210.0,150.0,165.0,1
3.0,126.0,1860.0,13.5,0.317,0.7040000000000001,2.1,3799.0,3254.0,167.0,1
9.0,199.0,3819.0,7.455,0.384,0.6759999999999999,1.65,517.0,142.0,357.0,1
42.0,341.0,1963.0,14.357,0.36,0.69,20.66,308.0,3727.0,293.0,2
11.0,265.0,154.0,1.625,0.151,0.743,1.34,108.0,1686.0,82.0,1
11.0,155.0,1440.0,2.889,0.43,0.615,2.27,118.0,401.0,151.0,1
44.0,536.0,2277.0,71.0,0.61,0.715,77.5,2099.0,7968.0,691.0,2
21.0,128.0,320.0,7.417000000000002,0.591,0.5820000000000001,2.42,235.0,253.0,210.0,1
38.0,398.0,945.0,8.3,0.342,0.45,2.13,7366.0,511.0,422.0,1
11.0,508.0,3230.0,16.214000000000002,0.438,0.645,1.2,2252.0,2307.0,31.0,1
7.0,337.0,2664.0,8.667,0.37,0.757,2.51,138.0,25.0,68.0,1
25.0,181.0,14.0,28.714,0.248,0.614,1.05,704.0,1265.0,69.0,1
14.0,155.0,2596.0,53.57100000000001,0.199,0.733,19.63,2256.0,1804.0,486.0,1
17.0,422.0,2882.0,22.429,0.351,0.907,1.21,309.0,1410.0,114.0,1
44.0,146.0,4599.0,30.125,0.1,0.64,17.51,294.0,1811.0,674.0,5
77.0,363.0,2100.0,1.103,0.6,0.507,1.5,732.0,1093.0,290.0,1
16.0,153.0,609.0,11.6,0.429,0.746,1.56,1106.0,1208.0,109.0,1
67.0,230.0,2580.0,6.385,0.131,0.892,12.29,34.0,139.0,678.0,4
17.0,67.0,1584.0,2.571,0.337,0.7709999999999999,1.03,2610.0,574.0,27.0,1
9.0,225.0,3250.0,2.222,0.5479999999999999,0.7490000000000001,1.5,2142.0,457.0,67.0,1
79.0,395.0,4872.0,29.0,0.63,0.961,46.0,95.0,335.0,122.0,1
14.0,256.0,75.0,0.455,0.195,0.977,12.99,606.0,2865.0,124.0,1
261.0,535.0,1533.0,37.462,0.8290000000000001,0.5489999999999999,18.34,324.0,768.0,470.0,2
11.0,253.0,240.0,4.0710000000000015,0.316,0.67,1.2,610.0,3448.0,310.0,1
79.0,222.0,176.0,54.222,0.383,0.825,3.2,77.0,495.0,199.0,1
23.0,326.0,1352.0,2.667,0.297,0.612,5.05,210.0,825.0,70.0,1
42.0,376.0,245.0,12.167,0.665,0.905,5.91,427.0,2732.0,256.0,4
37.0,167.0,880.0,1.2,0.466,0.495,1.52,53.0,2687.0,202.0,1
71.0,410.0,3036.0,5.1,0.278,0.6990000000000001,2.98,509.0,36.0,47.0,1
60.0,152.0,1105.0,183.33,0.493,0.532,3.61,5328.0,257.0,274.0,2
11.0,323.0,15580.0,11.615,0.39,0.529,2.45,30.0,1784.0,312.0,1
28.0,114.0,56.0,29.929,0.344,0.556,1.95,1400.0,402.0,339.0,1
26.0,509.0,1392.0,0.8,0.59,0.838,1.28,2063.0,36.0,200.0,1
311.0,56.0,56.0,0.1,0.16,0.319,4.38,758.0,1754.0,228.0,4
23.0,102.0,1250.0,25.625,0.461,0.528,5.45,255.0,1545.0,147.0,1
25.0,359.0,800.0,22.333,0.941,0.6559999999999999,2.71,373.0,1014.0,24.0,1
23.0,265.0,2529.0,30.44400000000001,0.7979999999999999,0.778,95.8,165.0,2087.0,189.0,1
2.0,537.0,1212.0,8.2,0.818,0.578,10.04,548.0,144.0,478.0,2
23.0,276.0,680.0,0.5710000000000001,0.311,0.428,1.06,197.0,1100.0,478.0,1
197.0,499.0,4543.0,1.3130000000000002,0.8290000000000001,0.847,6.64,464.0,396.0,160.0,2
7.0,155.0,114.0,17.444000000000006,0.371,0.5760000000000001,1.91,52.0,400.0,399.0,1
17.0,227.0,1505.0,17.273,0.564,0.7659999999999999,3.62,1890.0,2147.0,518.0,1
11.0,153.0,1008.0,47.4,0.376,0.556,2.36,743.0,2717.0,311.0,1
43.0,410.0,399.0,53.4,0.314,0.865,2.28,275.0,477.0,469.0,1
19.0,167.0,518.0,15.273,0.313,0.768,1.58,28.0,859.0,74.0,1
11.0,60.0,616.0,23.125,0.186,0.408,1.58,575.0,1104.0,140.0,1
21.0,142.0,1176.0,279.0,0.496,0.949,181.33,596.0,701.0,179.0,2
25.0,440.0,2800.0,1.429,0.3,0.905,6.5,484.0,2470.0,165.0,1
11.0,497.0,2844.0,10.25,0.337,0.528,1.81,293.0,457.0,227.0,1
23.0,268.0,6613.0,2.556,0.245,0.527,1.33,129.0,618.0,412.0,1
10.0,69.0,56.0,5.0,0.269,0.901,2.77,505.0,2872.0,147.0,1
19.0,80.0,143.0,1.2,0.383,0.674,1.27,4167.0,431.0,83.0,1
22.0,375.0,1392.0,8.417,0.261,0.8059999999999999,1.34,108.0,9689.0,477.0,1
7.0,176.0,306.0,4.25,0.458,0.867,8.06,1833.0,1765.0,3.0,1
17.0,270.0,207.0,13.333,0.421,0.157,36.0,4167.0,1343.0,220.0,1
11.0,350.0,340.0,6.428999999999999,0.3720000000000001,0.871,1.13,1068.0,3262.0,364.0,1
14.0,64.0,75.0,5.4,0.109,0.612,1.38,228.0,261.0,105.0,1
10.0,154.0,584.0,59.444,0.39,0.632,3.67,887.0,1400.0,119.0,1
38.0,342.0,1956.0,10.036,0.306,0.828,1.2,460.0,3609.0,167.0,1
17.0,202.0,2400.0,2.7,0.2,0.481,1.96,387.0,2164.0,326.0,1
85.0,21.0,1596.0,9.444,0.308,0.507,47.33,1094.0,1000.0,525.0,5
4.0,475.0,4596.0,16.727,0.939,0.873,1.17,205.0,1068.0,219.0,1
24.0,276.0,485.0,8.923,0.321,0.956,3.38,2684.0,1182.0,49.0,1
76.0,333.0,2035.0,30.44400000000001,0.924,0.7979999999999999,1.33,213.0,80.0,135.0,1
14.0,64.0,2886.0,0.5710000000000001,0.5760000000000001,0.521,1.37,77.0,1597.0,109.0,1
55.0,68.0,1500.0,4.222,0.156,0.591,1.75,307.0,1101.0,901.0,5
14.0,330.0,1372.0,18.071,0.293,0.856,18.34,302.0,1657.0,671.0,1
804.0,103.0,2205.0,4.333,0.349,0.857,1.44,298.0,259.0,190.0,1
52.0,341.0,2730.0,8.75,0.163,0.978,10.75,241.0,1478.0,132.0,2
11.0,356.0,4740.0,9.75,0.742,0.708,2.25,511.0,2130.0,61.0,1
77.0,5.0,12561.0,14.25,0.858,0.748,2.77,1028.0,166.0,576.0,1
17.0,36.0,4675.0,2.013,0.925,0.6970000000000001,1.07,478.0,1763.0,73.0,1
11.0,121.0,49.0,1.4,0.383,0.74,2.11,2497.0,3822.0,318.0,1
132.0,508.0,49.0,20.059,0.905,0.7340000000000001,1.21,52.0,7.0,364.0,1
86.0,105.0,1342.0,56.444,0.081,0.862,2.2,760.0,357.0,83.0,5
23.0,197.0,1917.0,8.846,0.583,0.52,33.48,96.0,3377.0,142.0,1
11.0,90.0,1224.0,7.727,0.205,0.981,1.2,91.0,1287.0,56.0,1
13.0,375.0,112.0,1.9,0.199,0.8320000000000001,7.77,87.0,435.0,101.0,1
23.0,369.0,56.0,22.909,0.271,0.482,1.29,2355.0,1576.0,306.0,1
16.0,136.0,162.0,43.57100000000001,0.173,0.435,1.39,68.0,1195.0,19.0,1
17.0,17.0,88.0,0.556,0.425,0.495,2.14,270.0,1093.0,799.0,1
11.0,252.0,1971.0,9.429,0.268,0.813,1.36,482.0,908.0,166.0,1
72.0,294.0,72204.0,11.313,0.314,0.516,7.58,468.0,1077.0,527.0,1
11.0,158.0,836.0,2.875,0.089,0.74,9.44,323.0,369.0,235.0,1
15.0,4.0,170.0,12.889,0.431,0.8240000000000001,1.54,358.0,1315.0,121.0,1
34.0,356.0,490.0,10.231,0.338,0.66,2.09,1032.0,22.0,368.0,1
69.0,147.0,222.0,167.0,0.789,0.652,100.33,541.0,202.0,469.0,2
17.0,353.0,144.0,25.1,0.1689999999999999,0.96,1.55,600.0,3309.0,22.0,1
9.0,68.0,763.0,30.571,0.429,0.611,1.3,413.0,60.0,691.0,1
23.0,245.0,1260.0,5.917000000000002,0.46,0.8390000000000001,4.53,398.0,7740.0,532.0,1
11.0,97.0,165.0,14.625,0.433,0.235,1.28,1902.0,337.0,33.0,1
11.0,144.0,845.0,12.455,0.449,0.731,3.35,832.0,428.0,43.0,1
23.0,38.0,190.0,7.44,0.742,0.928,4.58,637.0,425.0,95.0,1
23.0,53.0,3267.0,5.9,0.147,0.635,2.2,510.0,501.0,102.0,1
28.0,67.0,648.0,20.556,0.274,0.847,1.27,372.0,276.0,573.0,1
11.0,415.0,900.0,11.333,0.485,0.623,4.36,564.0,1343.0,455.0,1
28.0,282.0,4200.0,16.692,0.931,0.95,2.39,16.0,391.0,39.0,1
86.0,178.0,1775.0,7.75,0.417,0.541,5.84,661.0,2377.0,297.0,1
11.0,125.0,1010.0,3.2,0.7140000000000001,0.988,25.0,441.0,45.0,461.0,1
105.0,264.0,840.0,9.333,0.797,0.64,1.73,427.0,2782.0,17.0,4
77.0,92.0,310.0,27.933000000000003,0.226,0.93,2.76,279.0,1346.0,139.0,1
26.0,261.0,1551.0,9.308,0.371,0.339,8.02,470.0,2465.0,265.0,1
136.0,491.0,9999.0,35.667,0.555,0.436,3.28,38.0,693.0,92.0,4
60.0,220.0,294.0,2.923,0.376,0.871,2.11,1016.0,75.0,186.0,1
20.0,239.0,4908.0,8.75,0.32,0.59,1.69,102.0,4522.0,492.0,1
65.0,283.0,6000.0,29.111,0.555,0.509,5.67,558.0,519.0,1.0,2
91.0,509.0,979.0,25.8,0.516,0.97,1.93,536.0,2682.0,396.0,1
79.0,317.0,5016.0,24.875,0.2,0.7440000000000001,1.3,386.0,123.0,495.0,1
11.0,214.0,369.0,27.857,0.441,0.981,136.6,754.0,573.0,90.0,1
18.0,399.0,1100.0,86.333,0.337,0.4,7.86,833.0,552.0,22.0,1
11.0,375.0,4172.0,21.222,0.154,0.672,10.67,232.0,7740.0,414.0,1
11.0,316.0,2484.0,2.571,0.524,0.596,2.42,80.0,1666.0,82.0,1
306.0,175.0,1134.0,16.214000000000002,0.406,0.943,1.95,1554.0,2201.0,835.0,1
8.0,157.0,1122.0,41.667,0.321,0.642,8.05,59.0,1718.0,80.0,1
11.0,488.0,621.0,14.538,0.334,0.8009999999999999,16.89,252.0,1002.0,110.0,1
17.0,14.0,364.0,15.647,0.384,0.868,10.86,823.0,217.0,532.0,1
10.0,311.0,2088.0,0.95,0.383,0.71,1.98,364.0,90.0,129.0,1
306.0,284.0,504.0,5.2170000000000005,0.381,0.667,2.3,33.0,116.0,196.0,1
14.0,125.0,1590.0,18.889,0.362,0.528,1.28,5572.0,1002.0,21.0,1
24.0,344.0,650.0,11.5,0.455,0.765,1.19,206.0,1178.0,102.0,1
11.0,272.0,80.0,8.777999999999999,0.6,0.7559999999999999,1.16,223.0,152.0,77.0,1
17.0,28.0,570.0,6.25,0.26,0.706,1.86,308.0,1765.0,467.0,1
23.0,7.0,3184.0,11.182,0.1639999999999999,0.7709999999999999,1.49,306.0,726.0,456.0,1
21.0,446.0,984.0,3.778,0.8220000000000001,0.589,7.84,350.0,144.0,901.0,5
17.0,321.0,112.0,23.75,0.737,0.644,2.07,2181.0,1380.0,98.0,1
24.0,25.0,1280.0,3.875,0.433,0.933,33.67,1902.0,982.0,24.0,1
11.0,266.0,2360.0,1.778,0.29,0.8420000000000001,5.57,449.0,3478.0,50.0,1
9.0,119.0,594.0,16.875,0.226,0.603,1.68,7.0,1576.0,178.0,1
9.0,266.0,1536.0,2.84,0.253,0.825,1.31,103.0,760.0,637.0,1
11.0,245.0,1584.0,0.375,0.081,0.98,1.43,1259.0,1288.0,63.0,1
10.0,89.0,4043.0,5.8,0.516,0.7090000000000001,1.45,7.0,815.0,564.0,1
168.0,257.0,1510.0,13.273,0.344,0.6779999999999999,71.13,551.0,80.0,73.0,1
14.0,141.0,1720.0,25.625,0.349,0.618,4.36,3155.0,3685.0,137.0,1
25.0,519.0,1386.0,4.3,0.343,0.603,4.08,9981.0,2056.0,368.0,1
23.0,146.0,3300.0,141.33,0.228,0.8390000000000001,28.0,2497.0,143.0,59.0,1
79.0,80.0,2842.0,3.273,0.24,0.856,5.26,2164.0,279.0,316.0,1
26.0,163.0,896.0,12.889,0.278,0.637,4.59,265.0,1254.0,358.0,1
28.0,274.0,2048.0,30.571,0.508,0.975,2.5,1891.0,198.0,417.0,1
117.0,79.0,840.0,4.857,0.631,0.657,2.75,3573.0,569.0,202.0,1
9.0,279.0,345.0,13.214,0.3,0.77,1.31,289.0,341.0,336.0,1
24.0,150.0,1672.0,6.0,0.524,0.565,1.27,1315.0,75.0,371.0,1
22.0,144.0,1000.0,5.391,0.2,0.535,1.46,617.0,287.0,258.0,1
11.0,103.0,27.0,12.444,0.44,0.904,1.86,108.0,88.0,24.0,1
23.0,72.0,2592.0,30.25,0.921,0.5760000000000001,3.31,600.0,212.0,191.0,1
48.0,302.0,572.0,4.25,0.406,0.5720000000000001,1.33,192.0,1156.0,404.0,1
14.0,170.0,837.0,8.714,0.321,0.861,2.22,600.0,2918.0,473.0,1
86.0,397.0,2422.0,26.2,0.329,0.875,2.14,3801.0,1026.0,264.0,1
9.0,83.0,2680.0,56.444,0.237,0.907,6.17,976.0,1182.0,155.0,1
23.0,227.0,220.0,1.0,0.301,0.667,1.99,86.0,3987.0,136.0,1
11.0,214.0,312.0,22.8,0.2,0.984,1.65,178.0,43.0,138.0,1
71.0,344.0,954.0,5.428999999999999,0.199,0.757,5.76,619.0,1121.0,214.0,1
14.0,64.0,138.0,30.769,0.368,0.7070000000000001,1.34,425.0,1572.0,372.0,1
11.0,53.0,798.0,9.429,0.374,0.919,1.42,2157.0,88.0,13.0,1
28.0,280.0,1092.0,28.778,0.23,0.721,1.29,142.0,3267.0,276.0,1
11.0,126.0,132.0,9.5,0.443,0.5770000000000001,46.93,20.0,1287.0,557.0,1
36.0,126.0,371.0,7.44,0.3670000000000001,0.368,1.41,261.0,389.0,501.0,1
11.0,84.0,370.0,12.1,0.583,0.967,8.06,418.0,572.0,97.0,1
23.0,249.0,1300.0,2.5,0.405,0.342,3.22,58.0,431.0,608.0,1
11.0,55.0,525.0,11.2,0.95,0.345,1.92,466.0,1290.0,458.0,1
28.0,272.0,1016.0,7.667000000000002,0.249,0.804,1.2,208.0,335.0,397.0,1
22.0,407.0,16.0,5.428999999999999,0.151,0.471,2.29,252.0,498.0,323.0,1
11.0,151.0,4920.0,13.444,0.476,0.6709999999999999,2.03,2695.0,463.0,134.0,1
261.0,83.0,392.0,88.0,0.462,0.633,1.25,260.0,1094.0,254.0,1
11.0,150.0,4650.0,16.167,0.129,0.847,4.92,102.0,139.0,137.0,1
100.0,367.0,1850.0,7.44,0.665,0.69,3.09,239.0,1804.0,450.0,5
11.0,11.0,5880.0,25.556,0.334,0.867,2.35,500.0,904.0,132.0,1
33.0,256.0,448.0,123.0,0.446,0.795,1.58,197.0,975.0,361.0,1
23.0,88.0,783.0,9.571,0.375,0.386,9.94,7358.0,836.0,86.0,1
18.0,72.0,1467.0,8.142999999999999,0.77,0.731,10.67,629.0,1029.0,241.0,1
84.0,109.0,576.0,4.0,0.2,0.672,1.96,261.0,140.0,201.0,1
23.0,226.0,558.0,17.6,0.337,0.792,1.82,976.0,1166.0,22.0,1
41.0,118.0,2592.0,177.0,0.342,0.955,2.46,4167.0,150.0,338.0,1
6.0,133.0,2520.0,21.286,0.084,0.913,1.39,430.0,4349.0,318.0,1
28.0,52.0,4625.0,11.2,0.428,0.7070000000000001,1.7,415.0,1002.0,492.0,1
11.0,285.0,147.0,20.091,0.178,0.565,1.28,1988.0,918.0,127.0,1
8.0,323.0,616.0,21.5,0.089,0.664,1.48,868.0,373.0,200.0,1
23.0,262.0,9828.0,1.7,0.494,0.491,8.35,1240.0,1558.0,19.0,1
65.0,259.0,256.0,56.0,0.882,0.109,1.24,2599.0,174.0,371.0,2
804.0,412.0,5838.0,8.9,0.422,0.7290000000000001,2.9,691.0,101.0,31.0,1
261.0,337.0,5894.0,16.714000000000002,0.293,0.863,2.14,2774.0,1796.0,41.0,1
11.0,82.0,2710.0,1.6,0.321,0.757,1.64,10654.0,17081.0,96.0,1
14.0,349.0,1496.0,6.0,0.1689999999999999,0.933,16.87,2296.0,395.0,312.0,1
14.0,143.0,1998.0,4.625,0.261,0.8320000000000001,1.47,290.0,168.0,506.0,1
6.0,284.0,5090.0,5.922999999999999,0.087,0.8290000000000001,15.5,1212.0,1272.0,300.0,1
13.0,424.0,112.0,1.3330000000000002,0.907,0.76,1.71,194.0,1101.0,81.0,1
2.0,46.0,15.0,56.0,0.586,0.226,158.0,733.0,1683.0,578.0,2
26.0,190.0,552.0,26.182,0.429,0.915,2.19,39.0,5737.0,19.0,1
14.0,213.0,1099.0,10.5,0.524,0.428,1.98,188.0,990.0,97.0,1
19.0,78.0,774.0,6.1110000000000015,0.347,0.464,1.55,166.0,1080.0,207.0,1
23.0,210.0,231.0,13.375,0.254,0.759,2.08,288.0,249.0,572.0,1
23.0,187.0,860.0,66.875,0.191,0.987,1.17,400.0,373.0,146.0,1
58.0,108.0,2444.0,8.142999999999999,0.257,0.664,1.38,75.0,994.0,450.0,1
132.0,414.0,1584.0,15.0,0.944,0.487,136.6,2695.0,1343.0,142.0,2
15.0,315.0,1323.0,7.727,0.463,0.452,1.95,588.0,554.0,84.0,1
14.0,175.0,5740.0,13.25,0.336,0.7879999999999999,1.54,199.0,85.0,650.0,1
77.0,81.0,3384.0,2.033,0.379,0.913,1.27,1315.0,1039.0,290.0,1
11.0,40.0,4077.0,9.25,0.129,0.851,1.55,342.0,259.0,447.0,1
24.0,64.0,2016.0,6.832999999999998,0.72,0.516,1.58,248.0,1280.0,66.0,1
18.0,107.0,5880.0,5.857,0.451,0.727,5.57,326.0,315.0,227.0,1
30.0,462.0,46.0,154.33,0.586,0.57,207.0,2162.0,2681.0,134.0,2
23.0,55.0,1544.0,9.75,0.264,0.495,1.73,170.0,391.0,134.0,1
168.0,294.0,190.0,11.286,0.302,0.84,1.66,151.0,1093.0,16.0,1
71.0,232.0,2176.0,24.9,0.152,0.487,10.59,16.0,35.0,227.0,1
26.0,170.0,5110.0,28.357,0.27,0.726,1.34,173.0,2125.0,113.0,1
11.0,305.0,495.0,3.7,0.203,0.393,1.44,540.0,344.0,302.0,1
11.0,393.0,4200.0,18.385,0.434,0.758,8.16,862.0,2340.0,485.0,1
11.0,133.0,2400.0,0.6920000000000001,0.468,0.895,4.81,668.0,1410.0,267.0,1
11.0,121.0,2709.0,0.778,0.481,0.8029999999999999,5.08,2115.0,4497.0,109.0,1
74.0,321.0,112.0,4.727,0.088,0.682,1.49,58.0,183.0,41.0,1
19.0,73.0,5096.0,8.846,0.275,0.99,1.5,299.0,2539.0,102.0,1
23.0,209.0,473.0,2.286,0.393,0.8240000000000001,1.98,280.0,104.0,377.0,1
11.0,433.0,1665.0,4.875,0.223,0.84,1.86,419.0,964.0,61.0,1
306.0,228.0,112.0,2.143,0.321,0.417,2.51,2792.0,86.0,220.0,1
77.0,271.0,872.0,0.5710000000000001,0.924,0.742,10.59,1636.0,1091.0,215.0,1
42.0,541.0,2618.0,10.0,0.314,0.826,24.67,273.0,2039.0,608.0,2
9.0,23.0,13767.0,36.833,0.2,0.8009999999999999,76.0,799.0,4413.0,534.0,1
24.0,341.0,462.0,3.778,0.316,0.711,1.13,2599.0,2577.0,456.0,1
58.0,182.0,2496.0,13.273,0.348,0.066,3.71,600.0,100.0,72.0,5
11.0,229.0,752.0,16.2,0.648,0.838,1.2,13.0,249.0,103.0,1
23.0,492.0,340.0,5.75,0.983,0.439,2.24,562.0,1054.0,245.0,1
13.0,181.0,1710.0,7.713999999999999,0.51,0.529,1.86,237.0,3514.0,30.0,1
24.0,103.0,2745.0,2.222,0.225,0.7709999999999999,13.67,599.0,718.0,43.0,1
11.0,71.0,2337.0,5.1,0.332,0.7609999999999999,3.13,343.0,1335.0,25.0,1
13.0,339.0,4543.0,31.5,0.417,0.746,50.0,387.0,459.0,165.0,1
11.0,177.0,2196.0,56.444,0.275,0.772,1.68,50.0,1764.0,116.0,1
17.0,38.0,1368.0,5.5710000000000015,0.515,0.8,2.44,385.0,1343.0,155.0,1
100.0,16.0,46.0,10.375,0.7559999999999999,0.157,11.94,356.0,1556.0,8.0,2
11.0,242.0,2938.0,5.435,0.628,0.85,1.25,1579.0,674.0,664.0,1
79.0,231.0,1632.0,2.7110000000000003,0.11,0.6459999999999999,3.25,813.0,19.0,637.0,2
79.0,23.0,1696.0,16.2,0.264,0.918,2.43,11.0,520.0,75.0,1
8.0,248.0,2430.0,8.12,0.388,0.867,1.32,744.0,256.0,203.0,1
14.0,47.0,1128.0,1.6,0.603,0.893,1.39,407.0,532.0,19.0,1
38.0,364.0,891.0,2.4290000000000003,0.17,0.774,1.44,468.0,11502.0,222.0,1
13.0,183.0,4410.0,11.333,0.429,0.926,3.14,145.0,3514.0,91.0,1
11.0,72.0,1215.0,13.111,0.176,0.99,3.48,492.0,181.0,239.0,1
15.0,107.0,390.0,11.286,0.111,0.948,2.83,289.0,36.0,177.0,1
39.0,266.0,8844.0,14.7,0.433,0.542,5.43,2739.0,39.0,19.0,1
24.0,232.0,390.0,7.4,0.207,0.713,1.82,1109.0,485.0,22.0,1
11.0,75.0,352.0,288.0,0.376,0.711,2.41,159.0,2577.0,253.0,1
11.0,271.0,35.0,16.25,0.213,0.792,72.47,90.0,55.0,74.0,1
41.0,278.0,2178.0,7.125,0.469,0.79,1.54,1732.0,116.0,71.0,1
23.0,49.0,2730.0,8.125,0.419,0.753,1.03,264.0,1410.0,114.0,1
11.0,159.0,1740.0,16.273,0.458,0.6940000000000001,8.9,705.0,102.0,53.0,1
11.0,309.0,140.0,6.818,0.109,0.813,1.66,97.0,54.0,107.0,1
1.0,80.0,1215.0,21.846,0.128,0.956,3.56,55.0,25.0,210.0,1
38.0,282.0,5382.0,57.778,0.121,0.7240000000000001,17.08,227.0,2841.0,321.0,1
11.0,141.0,6832.0,29.214,0.362,0.98,1.38,593.0,1154.0,122.0,1
25.0,180.0,5016.0,4.0,0.912,0.493,2.38,391.0,193.0,205.0,1
11.0,382.0,980.0,6.727,0.346,0.5589999999999999,2.53,219.0,668.0,319.0,1
105.0,202.0,1715.0,24.563,0.295,0.897,5.29,469.0,922.0,145.0,1
84.0,197.0,3069.0,2.5,0.23,0.917,1.44,1068.0,178.0,74.0,1
11.0,100.0,23972.0,27.933000000000003,0.3,0.613,1.42,143.0,1078.0,113.0,1
23.0,294.0,2862.0,39.636,0.186,0.929,2.84,477.0,1675.0,344.0,1
23.0,97.0,902.0,1.1,0.151,0.438,7.68,121.0,456.0,68.0,1
804.0,89.0,12996.0,1.833,0.373,0.835,9.44,407.0,195.0,42.0,1
11.0,243.0,750.0,1.125,0.2,0.901,5.67,813.0,25.0,39.0,1
41.0,474.0,1200.0,17.333,0.217,0.6829999999999999,2.11,77.0,1382.0,393.0,1
23.0,346.0,2090.0,27.1,0.8370000000000001,0.713,3.56,343.0,904.0,258.0,1
23.0,210.0,21.0,6.832999999999998,0.324,0.7709999999999999,1.66,17.0,2113.0,145.0,1
11.0,130.0,2376.0,0.5710000000000001,0.495,0.487,8.25,28.0,1102.0,173.0,1
24.0,192.0,26062.0,6.667000000000002,0.975,0.753,25.0,109.0,118.0,38.0,1
13.0,123.0,7275.0,23.5,0.248,0.5710000000000001,17.08,145.0,767.0,646.0,1
13.0,339.0,444.0,19.333,0.23,0.725,1.42,1053.0,663.0,121.0,1
11.0,166.0,143.0,0.667,0.271,0.753,8.06,476.0,342.0,211.0,1
11.0,166.0,1837.0,5.625,0.371,0.645,1.49,2388.0,509.0,73.0,1
11.0,13.0,1474.0,25.0,0.336,0.53,1.69,296.0,1537.0,308.0,1
15.0,72.0,945.0,2.6,0.245,0.877,2.78,2333.0,310.0,19.0,1
20.0,382.0,3692.0,22.909,0.195,0.445,5.5,145.0,1040.0,495.0,4
17.0,101.0,488.0,17.778,0.375,0.438,2.04,396.0,1584.0,187.0,1
3.0,75.0,560.0,4.428999999999999,0.737,0.843,8.47,563.0,1272.0,206.0,1
17.0,118.0,1220.0,31.667,0.366,0.8959999999999999,1.39,76.0,2349.0,377.0,1
11.0,59.0,8844.0,24.769,0.593,0.848,2.11,439.0,145.0,112.0,1
11.0,412.0,168.0,17.889,0.1669999999999999,0.907,3.23,689.0,1725.0,408.0,1
64.0,491.0,578.0,1.946,0.114,0.6679999999999999,24.33,337.0,1050.0,309.0,5
212.0,497.0,5621.0,5.4,0.507,0.711,2.41,612.0,742.0,697.0,1
